Iterations,DeepProblog_Accuracy,DeepProblog_Loss,PyTorch_Loss,PyTorch_Accuracy
1,0.480132545458061,0.768292227645519,1.0649905204773,0.468415841584158
50,,0.836565075613291,1.08818674087524,
100,,0.741451757869411,1.06715023517609,
150,,0.726859849453855,1.08048069477081,
200,,0.867227570442249,1.04939532279968,
250,,0.726960666403927,1.07039988040924,
300,,0.754886986619508,1.03704869747162,
350,,0.808281277311432,1.04843091964722,
400,,0.830623082257369,1.02887189388275,
450,,0.896800504172083,1.03438496589661,
500,0.520940594059406,0.73844075572383,1.04231977462769,0.468415841584158
550,,0.721850952466543,1.04126834869385,
600,,0.797490062791038,1.02833688259125,
650,,0.859852371306013,1.02544283866882,
700,,0.689053545450723,1.00318872928619,
750,,0.64179028412742,1.01158559322357,
800,,0.906757082173128,1.01810574531555,
850,,0.768330511926888,1.0253654718399,
900,,0.817495126888593,1.02164614200592,
950,,0.7482550089536,1.02227938175201,
1000,0.520940594059406,0.531852742996841,1.01087236404419,0.467029702970297
1050,,0.866668815856447,0.994058012962341,
1100,,0.724766443112947,0.976762771606445,
1150,,0.750062582696957,0.991121888160706,
1200,,0.79433243582237,0.952631294727325,
1250,,0.656133552815133,0.904781699180603,
1300,,0.59531260165183,0.893915116786957,
1350,,0.61061869404307,0.926339745521545,
1400,,0.82694789466234,0.950683236122131,
1450,,0.645082341121988,0.923644244670868,
1500,0.520940594059406,0.555542501180534,0.905904471874237,0.467029702970297
1550,,0.545784264077196,0.818564534187317,
1600,,0.76549610703274,0.98831182718277,
1650,,0.737918083396038,0.816939473152161,
1700,,0.496483854864696,0.882434666156769,
1750,,0.55027775676658,0.928753972053528,
1800,,0.683940207803118,0.799043476581574,
1850,,0.530002920056109,0.885223925113678,
1900,,0.730115414406175,0.934260606765747,
1950,,0.591686430996021,0.946481943130493,
2000,0.727574257425743,0.588992024586063,0.876816809177399,0.468415841584158
2050,,0.611468436166746,0.967759191989899,
2100,,0.432838288255263,0.876986384391785,
2150,,0.469765583111153,0.774985909461975,
2200,,0.589021131535702,0.965934991836548,
2250,,0.649770207284369,0.859686970710754,
2300,,0.596118479531718,0.876663684844971,
2350,,0.466655922606181,0.875214695930481,
2400,,0.336286835354332,0.818566381931305,
2450,,0.57094478682703,0.833207190036774,
2500,0.760247524752475,0.390987753310432,0.891667008399963,0.468415841584158
2550,,0.389384955642795,0.914479911327362,
2600,,0.37621197017234,0.839685797691345,
2650,,0.366283384437477,0.928712904453278,
2700,,0.448358461768132,0.920517325401306,
2750,,0.387795434026203,0.878972947597504,
2800,,0.352362957267427,0.968272268772125,
2850,,0.491280899389203,0.849217534065247,
2900,,0.363404915019269,0.878227055072784,
2950,,0.427089551092677,0.997633814811707,
3000,0.755445544554455,0.253302085931843,0.836004018783569,0.467029702970297
3050,,0.564073080461359,0.88482403755188,
3100,,0.386383988015219,0.96170175075531,
3150,,0.325935540942973,0.840256631374359,
3200,,0.348820474549817,0.91351181268692,
3250,,0.43400843846507,0.809055089950562,
3300,,0.589128126956303,0.876604318618774,
3350,,0.335033720899304,0.875710546970367,
3400,,0.363705834580513,0.926449596881866,
3450,,0.436390894683607,0.836169123649597,
3500,0.795891089108911,0.46938169536816,0.853976368904114,0.467029702970297
3550,,0.498232563246654,0.956024169921875,
3600,,0.341227678658183,0.873319387435913,
3650,,0.368617818988502,0.929361641407013,
3700,,0.412860233121671,0.881959021091461,
3750,,0.562198892756328,0.912740767002106,
3800,,0.411177202559858,0.878284454345703,
3850,,0.443012563977799,1.07794594764709,
3900,,0.430592140077992,0.95697683095932,
3950,,0.474761935605397,0.839617013931274,
4000,0.83029702970297,0.306579593595638,0.878997027873993,0.467029702970297
4050,,0.313631287691449,0.881681144237518,
4100,,0.385208064351895,0.886642634868622,
4150,,0.365854767151889,0.812985002994537,
4200,,0.355199602341026,0.916357040405273,
4250,,0.318455786789391,0.877632677555084,
4300,,0.340271006270527,0.771280765533447,
4350,,0.198215981342889,0.880431950092316,
4400,,0.290829162387541,0.793264031410217,
4450,,0.1654690250903,0.787090063095093,
4500,0.840594059405941,0.367086905250947,0.995490849018097,0.467029702970297
4550,,0.252269492771655,0.942109346389771,
4600,,0.279909716354867,0.800192654132843,
4650,,0.373207797687864,0.882913649082184,
4700,,0.326851822939839,0.92448216676712,
4750,,0.342151079342811,0.975021362304688,
4800,,0.280897059738217,0.745069682598114,
4850,,0.225475579793303,0.879475831985474,
4900,,0.263224557069685,0.879445433616638,
4950,,0.291137307172141,0.878467082977295,
5000,0.82490099009901,0.283086103126004,0.917302310466766,0.468415841584158
5050,,0.307424936096923,0.928444981575012,
5100,,0.334395991126538,1.12388944625855,
5150,,0.39835639797891,0.838402926921845,
5200,,0.337787907996474,0.773942112922668,
5250,,0.202394787402692,0.853505551815033,
5300,,0.274533787644056,1.01913607120514,
5350,,0.236803062221517,0.950911104679108,
5400,,0.2126677228401,0.951147973537445,
5450,,0.162679527775551,0.85117506980896,
5500,0.87019801980198,0.307792500820951,0.917965829372406,0.468415841584158
5550,,0.21002376862056,0.791664123535156,
5600,,0.334173971908738,0.885059952735901,
5650,,0.220538144922858,0.883202612400055,
5700,,0.26709925471163,0.814689993858337,
5750,,0.224544657336719,0.84552788734436,
5800,,0.451791158177318,0.880687117576599,
5850,,0.202530817685201,0.997117936611176,
5900,,0.374785468272902,0.921654641628265,
5950,,0.256567373532327,0.922248840332031,
6000,0.907524752475248,0.328700421243312,0.879080533981323,0.467029702970297
6050,,0.184091934053595,0.834609985351563,
6100,,0.153409672156763,0.918115794658661,
6150,,0.214917325399476,0.960624873638153,
6200,,0.138404720856555,0.921080708503723,
6250,,0.319428784247584,0.874911367893219,
6300,,0.252159138333218,0.798430323600769,
6350,,0.229668896051339,0.881211400032043,
6400,,0.201762537443716,0.919587016105652,
6450,,0.229324068042949,1.00356876850128,
6500,0.93,0.121651189480619,0.922619760036469,0.467029702970297
6550,,0.223572246946425,0.991286516189575,
6600,,0.241909053369387,0.985447287559509,
6650,,0.171029779538223,0.846483767032623,
6700,,0.238104055336538,0.886536121368408,
6750,,0.287313821391529,1.01878046989441,
6800,,0.143183509977098,0.916690051555634,
6850,,0.36860301090475,0.948491215705872,
6900,,0.107713124635957,0.918219685554504,
6950,,0.24540466209928,0.976948499679565,
7000,0.920940594059406,0.224742332847554,0.833940744400024,0.468415841584158
7050,,0.101443987920369,0.863148093223572,
7100,,0.343969065707838,0.890414655208588,
7150,,0.186929308067215,0.859325408935547,
7200,,0.3637601769136,0.949346601963043,
7250,,0.148020829189164,0.854027330875397,
7300,,0.143347234673802,0.88354355096817,
7350,,0.139578773448576,0.984727561473846,
7400,,0.267718349914416,1.06428909301758,
7450,,0.197130744284609,0.807855665683746,
7500,0.891485148514851,0.172310671261848,0.989992737770081,0.467029702970297
7550,,0.317795558257944,0.879453063011169,
7600,,0.336452606555929,1.02463209629059,
7650,,0.295591233576512,0.841694414615631,
7700,,0.107545023821326,0.87961882352829,
7750,,0.181337008430541,0.812141358852387,
7800,,0.13925922107629,0.94192910194397,
7850,,0.113258574126332,0.885368287563324,
7900,,0.275638049714567,0.914062321186066,
7950,,0.196472965980209,0.923958301544189,
8000,0.934752475247525,0.121837487573532,0.95855849981308,0.467029702970297
8050,,0.145149952403252,0.925314128398895,
8100,,0.170759765627801,0.773753643035889,
8150,,0.152918310699612,1.03022468090057,
8200,,0.079589754770804,0.919034659862518,
8250,,0.087379159464444,0.844124376773834,
8300,,0.236082366713237,0.840214669704437,
8350,,0.187447851036534,0.8078373670578,
8400,,0.211028095756868,0.801125049591064,
8450,,0.178659120158806,0.920391380786896,
8500,0.876782178217822,0.383948205074286,0.922968089580536,0.467029702970297
8550,,0.132146070847624,0.871813893318176,
8600,,0.183912353601711,0.967799663543701,
8650,,0.205425815164087,0.881131827831268,
8700,,0.311419959694101,0.996855080127716,
8750,,0.225490070040609,0.964363932609558,
8800,,0.220726815967282,0.841593384742737,
8850,,0.101990224833864,0.917345285415649,
8900,,0.131154861803686,0.9536052942276,
8950,,0.249943701361941,0.843706846237183,
9000,0.929504950495049,0.164161684512698,0.916317522525787,0.468415841584158
9050,,0.129094595554668,0.98643296957016,
9100,,0.137113345262181,0.812689304351807,
9150,,0.118292330426626,0.982950389385223,
9200,,0.123884545427286,0.85170191526413,
9250,,0.106529499717461,0.987808287143707,
9300,,0.162849523277014,0.948788702487946,
9350,,0.095056157663656,0.919543325901032,
9400,,0.168994776011376,0.849992513656616,
9450,,0.156604559503938,0.884498059749603,
9500,0.933019801980198,0.121238373552314,0.980478465557098,0.468415841584158
9550,,0.109348373922058,0.889920175075531,
9600,,0.211797242386427,0.822879731655121,
9650,,0.144905715795714,0.883284747600555,
9700,,0.177108807955537,0.808049023151398,
9750,,0.233962129226808,0.803798496723175,
9800,,0.142523524581609,0.954403698444366,
9850,,0.130021330650717,0.916165292263031,
9900,,0.189817055196801,0.918772757053375,
9950,,0.181772360320312,0.965356349945068,
10000,0.932425742574258,0.266191482715529,0.836295545101166,0.468415841584158
10050,,0.086459480623019,0.91913765668869,
10100,,0.077439958104505,1.00828146934509,
10150,,0.024901831363602,0.83588171005249,
10200,,0.004424891692598,0.837241649627686,
10250,,0.200468183614856,0.955409407615662,
10300,,0.11478730888261,0.793921887874603,
10350,,0.116422493150576,0.882811486721039,
10400,,0.262391827530935,0.836973667144775,
10450,,0.106812021557837,0.81117057800293,
10500,0.93,0.145604699386291,1.00854909420013,0.468415841584158
10550,,0.073259570594741,0.931246519088745,
10600,,0.312034931573246,0.917755722999573,
10650,,0.034051869663436,0.883519887924194,
10700,,0.188222270875203,0.838794648647308,
10750,,0.036632731019707,0.878669142723084,
10800,,0.082796452923619,0.87894082069397,
10850,,0.034759926049615,0.918774425983429,
10900,,0.088870763662387,0.838944852352142,
10950,,0.115732461260647,0.88000214099884,
11000,0.935990099009901,0.081297357638499,0.885531663894653,0.467029702970297
11050,,0.190351792874175,0.957854151725769,
11100,,0.094994814095087,0.844078958034515,
11150,,0.143298411693497,0.804267883300781,
11200,,0.273101451015445,0.842003464698792,
11250,,0.101649554706793,0.876632988452911,
11300,,0.133281556139909,0.919614493846893,
11350,,0.203398815092025,0.842279076576233,
11400,,0.255026884749142,0.836742162704468,
11450,,0.223181682665162,0.878396511077881,
11500,0.923118811881188,0.09555326068277,0.878299117088318,0.468415841584158
11550,,0.115373113079336,0.793348252773285,
11600,,0.07567725291737,0.927711546421051,
11650,,0.082731954754584,0.922445833683014,
11700,,0.095868964904075,1.06123769283295,
11750,,0.026869244699153,0.881305873394012,
11800,,0.276914803958401,0.753290474414825,
11850,,0.052764676499859,0.879956841468811,
11900,,0.280523177440355,0.99965512752533,
11950,,0.117342487392491,0.958955705165863,
12000,0.917623762376238,0.191655346693715,0.879029214382172,0.468415841584158
12050,,0.090512182021588,0.953256845474243,
12100,,0.189997121281147,0.880441844463348,
12150,,0.067247519750146,0.810790419578552,
12200,,0.217405338863065,0.91767555475235,
12250,,0.117825420593731,0.947018027305603,
12300,,0.089119636326639,0.915476381778717,
12350,,0.154427342951746,0.84340363740921,
12400,,0.165933232580857,0.880862295627594,
12450,,0.076036408383479,0.990388631820679,
12500,0.934405940594059,0.077122247603075,0.98790842294693,0.468415841584158
12550,,0.054717069879091,0.940120220184326,
12600,,0.10094031854019,0.848055124282837,
12650,,0.21782394178875,0.834656357765198,
12700,,0.154209928768175,0.814902663230896,
12750,,0.117909684332635,0.873944342136383,
12800,,0.128149072597463,0.890586495399475,
12850,,0.150805734382589,0.774741053581238,
12900,,0.172717274505438,0.888424158096314,
12950,,0.043989221900387,0.930727899074554,
13000,0.933465346534653,0.108913190533676,1.00812268257141,0.468415841584158
13050,,0.201141932710313,0.9989133477211,
13100,,0.095844351006873,0.962213814258575,
13150,,0.098987725729258,0.950230419635773,
13200,,0.209925651633655,0.905461430549622,
13250,,0.109252125601613,0.847177505493164,
13300,,0.123605703528814,0.915802359580994,
13350,,0.089418537743068,0.855879664421082,
13400,,0.067217907281006,1.04563188552856,
13450,,0.062212730245394,0.882034242153168,
13500,0.931089108910891,0.014368775407812,0.918718874454498,0.468415841584158
13550,,0.037166516875458,0.94916033744812,
13600,,0.094173212138398,0.890447318553925,
13650,,0.216353693533935,0.852335751056671,
13700,,0.192820034066619,1.01336014270782,
13750,,0.060494438154797,0.916961908340454,
13800,,0.192820533607187,0.917997717857361,
13850,,0.115893528704789,0.88739675283432,
13900,,0.109953754205091,0.886821448802948,
13950,,0.147033839401306,0.854894936084747,
14000,0.932326732673267,0.193808675215352,0.817920446395874,0.467029702970297
14050,,0.067742188408101,0.881804883480072,
14100,,0.116977283048273,0.917642831802368,
14150,,0.114074976770285,0.843656599521637,
14200,,0.048652997082584,0.766745805740356,
14250,,0.240160479892096,0.879211187362671,
14300,,0.124504260050894,0.836179375648499,
14350,,0.170423014433039,0.835425734519959,
14400,,0.152265032393242,0.79033750295639,
14450,,0.143972266696387,0.783693075180054,
14500,0.909405940594059,0.19040570908151,0.884270489215851,0.467029702970297
14550,,0.180610617429981,1.0566394329071,
14600,,0.268155268163643,0.835513830184937,
14650,,0.148260335395298,1.10563373565674,
14700,,0.059319478480409,0.934153914451599,
14750,,0.147852387647917,0.931671142578125,
14800,,0.074679381699537,0.835437417030335,
14850,,0.042678640906653,0.879569411277771,
14900,,0.054513601206195,0.841797888278961,
14950,,0.230974183452422,0.845501005649567,
15000,0.933960396039604,0.062150668401283,0.990267038345337,0.468415841584158
15050,,0.115717056241426,0.848846256732941,
15100,,0.056916830476635,0.881216824054718,
15150,,0.164619407413325,0.950744092464447,
15200,,0.103981743592678,0.881797015666962,
15250,,0.080907681232026,0.882092356681824,
15300,,0.141981638606466,0.851391732692719,
15350,,0.152583190774589,0.949221134185791,
15400,,0.064796278383847,0.884361863136292,
15450,,0.156074877535288,0.817052125930786,
15500,0.931930693069307,0.166018941438511,0.847899079322815,0.467029702970297
15550,,0.150390429473801,0.884353935718536,
15600,,0.111057406294102,0.843237698078156,
15650,,0.11014944071104,0.848319828510284,
15700,,0.088707945554945,0.839487910270691,
15750,,0.081308190207744,0.875801801681519,
15800,,0.081458313685037,0.881040573120117,
15850,,0.065186465577665,0.838587701320648,
15900,,0.28341742497289,0.926518321037293,
15950,,0.123602923341691,0.970741450786591,
16000,0.933514851485148,0.103727946164228,1.06261348724365,0.468415841584158
16050,,0.045526557529671,0.835502028465271,
16100,,0.105167904239269,0.879065573215485,
16150,,0.071807796899314,0.960170984268189,
16200,,0.21969361440006,1.03910350799561,
16250,,0.060028645328701,0.993061661720276,
16300,,0.100440555419867,0.917335212230682,
16350,,0.170155658158369,0.880619764328003,
16400,,0.120065396591435,0.924196541309357,
16450,,0.165312838624079,0.859983384609222,
16500,0.935544554455446,0.175247821051656,0.794251680374146,0.468415841584158
16550,,0.092661445054146,0.955934524536133,
16600,,0.225201576968924,0.961635529994965,
16650,,0.139461189831581,0.889531850814819,
16700,,0.188730613608964,0.855099856853485,
16750,,0.107277653266166,0.89151406288147,
16800,,0.244913785990501,0.91452568769455,
16850,,0.067094844075436,0.949438691139221,
16900,,0.119775317842666,0.947693169116974,
16950,,0.112729772832319,0.950343489646912,
17000,0.933712871287129,0.117774502928038,0.849585711956024,0.467029702970297
17050,,0.077693552653614,0.847253084182739,
17100,,0.120339608373995,0.952398657798767,
17150,,0.074730634389976,0.801286220550537,
17200,,0.119348813060038,0.798240065574646,
17250,,0.08513185135242,0.871685087680817,
17300,,0.106377735032111,0.839619517326355,
17350,,0.152532121875232,0.994872570037842,
17400,,0.077041033068059,0.813723981380463,
17450,,0.045524736076584,1.10502171516418,
17500,0.929554455445545,0.098395800707039,0.99322909116745,0.467029702970297
17550,,0.106905595527931,0.831382930278778,
17600,,0.118237033638865,0.87214869260788,
17650,,0.090389724140975,0.834994792938232,
17700,,0.17534943668633,0.800154089927673,
17750,,0.106311049483936,0.783887088298798,
17800,,0.284232074463628,0.87598443031311,
17850,,0.094234754604877,1.03729343414307,
17900,,0.195878677088625,0.888600468635559,
17950,,0.102497804981726,0.888549029827118,
18000,0.933663366336634,0.166607723276728,0.887214481830597,0.467029702970297
18050,,0.128723550378607,0.878351271152496,
18100,,0.226668871687698,0.840918064117432,
18150,,0.183283560762696,0.916017055511475,
18200,,0.112907043427535,0.881593346595764,
18250,,0.084700566858445,0.80202841758728,
18300,,0.039992640824909,0.879011750221252,
18350,,0.024635042336469,0.917772769927979,
18400,,0.144813993658387,0.913741052150726,
18450,,0.094071861800517,0.950231313705444,
18500,0.932178217821782,0.170982008363087,0.88240784406662,0.468415841584158
18550,,0.105900412894275,0.914912641048431,
18600,,0.108988031261091,0.833269357681274,
18650,,0.084622764040943,0.806885600090027,
18700,,0.112975791026228,0.848673343658447,
18750,,0.151783353178291,0.923736870288849,
18800,,0.071570297751475,0.840161561965942,
18850,,0.055210034129419,0.822935283184052,
18900,,0.09449191713811,0.9316366314888,
18950,,0.098848616560026,0.845742464065552,
19000,0.933267326732673,0.144853057575295,0.924413442611694,0.468415841584158
19050,,0.070540792886112,1.06096649169922,
19100,,0.042644038953604,0.889047145843506,
19150,,0.115546521247009,0.799673080444336,
19200,,0.157600813317116,0.793284773826599,
19250,,0.087979587738906,0.794354259967804,
19300,,0.034049913475174,0.749662756919861,
19350,,0.053011935510343,0.966466903686523,
19400,,0.079968903532372,0.835533082485199,
19450,,0.067391728639418,0.974371731281281,
19500,0.936633663366337,0.138845975365518,0.877563118934631,0.467029702970297
19550,,0.222738950854256,0.836735606193543,
19600,,0.210002989861041,0.880478799343109,
19650,,0.073594370183504,0.744112908840179,
19700,,0.153898792217337,0.930650532245636,
19750,,0.060189202777415,0.939306497573853,
19800,,0.130547345408324,0.925131559371948,
19850,,0.186770470138911,0.919537901878357,
19900,,0.113496547614988,0.835761666297913,
19950,,0.078303438852679,1.08596622943878,
20000,0.931980198019802,0.201481489073023,0.959476411342621,0.468415841584158
20050,,0.07703069550502,0.917509317398071,
20100,,0.17047344383643,0.883172154426575,
20150,,0.123758216438625,0.810661375522614,
20200,,0.15348499032283,0.948879539966583,
20250,,0.272203929865622,0.947890758514404,
20300,,0.099944450881375,0.981920182704926,
20350,,0.115359553231993,0.91801643371582,
20400,,0.109880580927524,0.85506933927536,
20450,,0.249645583068201,1.01264691352844,
20500,0.935594059405941,0.160517691987335,0.823424518108368,0.468415841584158
20550,,0.115362105594085,0.946207880973816,
20600,,0.116408947469981,0.82673716545105,
20650,,0.123843790897907,0.889534473419189,
20700,,0.172760549952447,0.917459726333618,
20750,,0.050217677001012,0.917542338371277,
20800,,0.114256560864614,0.881021440029144,
20850,,0.090411238096339,0.982297003269196,
20900,,0.051487616266535,0.982635974884033,
20950,,0.085737358051748,0.846217393875122,
21000,0.932970297029703,0.144829201816987,0.814139723777771,0.468415841584158
21050,,0.037298118352892,0.880152523517609,
21100,,0.173719249682641,0.95532637834549,
21150,,0.108880516545596,0.848923444747925,
21200,,0.140935937548719,0.839853584766388,
21250,,0.152462544631102,0.996724903583527,
21300,,0.127451845426183,0.765626668930054,
21350,,0.131979718635828,0.796459674835205,
21400,,0.073414301195597,0.961846709251404,
21450,,0.124331379523425,0.835412681102753,
21500,0.932722772277228,0.104719042973624,0.834104776382446,0.477673267326733
21550,,0.080930138999364,0.924421012401581,
21600,,0.152675858912148,0.878210425376892,
21650,,0.087911598342865,0.880896687507629,
21700,,0.106658162878391,0.83455103635788,
21750,,0.148304755634067,0.787117779254913,
21800,,0.146813561566005,0.88154673576355,
21850,,0.091719228520159,0.926432549953461,
21900,,0.086633575657791,0.881983160972595,
21950,,0.265137468404174,0.786179184913635,
22000,0.933762376237624,0.170804193774537,0.928329765796661,0.467029702970297
22050,,0.074495332542211,0.835649132728577,
22100,,0.039716343619962,0.881031095981598,
22150,,0.136225352031197,0.834365129470825,
22200,,0.117173366317402,0.834149301052094,
22250,,0.125811468308251,0.966751337051392,
22300,,0.063870544529969,0.836019694805145,
22350,,0.087116723593247,0.924323201179504,
22400,,0.045927819580287,0.835213303565979,
22450,,0.064332432801078,0.920395970344543,
22500,0.93450495049505,0.153620655521221,0.836226224899292,0.467029702970297
22550,,0.070220323142841,0.920130372047424,
22600,,0.186922931768731,0.878068149089813,
22650,,0.041202491378528,0.997743904590607,
22700,,0.031471229090629,0.878746032714844,
22750,,0.036357200087797,0.842958986759186,
22800,,0.166867023011538,0.953756093978882,
22850,,0.163569053150658,0.878592252731323,
22900,,0.098999571555926,0.917556405067444,
22950,,0.107071538227469,0.881127178668976,
23000,0.93470297029703,0.171248449304558,0.880490720272064,0.468415841584158
23050,,0.074774123796609,0.845184504985809,
23100,,0.034199017199327,0.88139271736145,
23150,,0.052173041834015,0.954606413841248,
23200,,0.087659346042668,0.879692256450653,
23250,,0.20148153269338,0.878710627555847,
23300,,0.104036049100104,0.77245020866394,
23350,,0.09363807109815,0.804054498672485,
23400,,0.043467477815648,0.802756726741791,
23450,,0.080583839152934,0.877304136753082,
23500,0.935,0.13993249504795,0.959111154079437,0.468415841584158
23550,,0.095621395082104,0.750653326511383,
23600,,0.056588462367047,0.877062201499939,
23650,,0.094776336489782,0.784099817276001,
23700,,0.140309141914382,0.824376165866852,
23750,,0.037999676589973,0.834803998470306,
23800,,0.172763960049196,0.943242728710175,
23850,,0.171708666403878,0.783450067043304,
23900,,0.122138292503757,0.842406213283539,
23950,,0.145816976304187,0.773034751415253,
24000,0.924158415841584,0.2793616873954,0.991896569728851,0.468415841584158
24050,,0.1493828886326,0.895408630371094,
24100,,0.162423078474916,0.895760774612427,
24150,,0.088413847151373,0.744864940643311,
24200,,0.193481851791678,1.04206967353821,
24250,,0.059551356577133,0.98340255022049,
24300,,0.144167446253447,0.834302067756653,
24350,,0.082302530449592,0.926201224327087,
24400,,0.077665500669827,0.834542453289032,
24450,,0.054480081787337,0.877152025699616,
24500,0.932821782178218,0.190386042186256,0.840699255466461,0.467029702970297
24550,,0.177777083461936,0.880136489868164,
24600,,0.136149812565398,0.804436266422272,
24650,,0.125662677293583,0.804920434951782,
24700,,0.204155682830101,0.843835234642029,
24750,,0.336171801185332,0.763223588466644,
24800,,0.098516130630102,0.798542499542236,
24850,,0.095777779278082,0.843742311000824,
24900,,0.127525017577834,0.965874493122101,
24950,,0.106385484356893,0.916731059551239,
25000,0.936386138613861,0.078453424418472,0.926143407821655,0.467029702970297
25050,,0.10798357060753,0.876575767993927,
25100,,0.098791631796832,0.877998292446137,
25150,,0.124621954356135,0.836339175701141,
25200,,0.051085655920646,0.883307814598084,
25250,,0.126072745628698,0.876151025295258,
25300,,0.14986053963586,0.800092220306397,
25350,,0.145122981017213,0.746766149997711,
25400,,0.036021919483738,0.927582681179047,
25450,,0.149484239406979,0.83430153131485,
25500,0.927277227722772,0.167201490893025,0.876888334751129,0.467029702970297
25550,,0.231988255688839,0.741088092327118,
25600,,0.149711285159054,0.977236688137054,
25650,,0.066233563606336,0.8784059882164,
25700,,0.122075032478393,0.878715753555298,
25750,,0.191972141164487,0.880997478961945,
25800,,0.078282349579704,1.06266534328461,
25850,,0.130407384435517,0.923210620880127,
25900,,0.129734714091774,0.836321353912354,
25950,,0.068130547366338,0.754580318927765,
26000,0.932920792079208,0.054661566970518,0.879072427749634,0.468415841584158
26050,,0.026405388186542,0.958073735237122,
26100,,0.021137832335035,0.95615416765213,
26150,,0.100782004910364,0.840261280536652,
26200,,0.155723756265848,0.840390026569366,
26250,,0.112270907929442,0.839032530784607,
26300,,0.091738875230588,0.879508435726166,
26350,,0.099835319196068,0.875314950942993,
26400,,0.113571045224583,0.956561744213104,
26450,,0.042842980076317,0.919217884540558,
26500,0.932821782178218,0.071475995211149,0.849006831645966,0.468415841584158
26550,,0.151339450460563,0.880168855190277,
26600,,0.095276272011369,0.915686726570129,
26650,,0.130977292758369,0.994313359260559,
26700,,0.043123056584246,0.770655810832977,
26750,,0.08055722605078,0.918130576610565,
26800,,0.125103537732416,0.921718299388886,
26850,,0.127018963752385,0.951009273529053,
26900,,0.155595225941213,0.914618372917175,
26950,,0.090982373343573,0.952951610088348,
27000,0.936386138613861,0.105128375013056,0.877689361572266,0.468415841584158
27050,,0.117883041213513,0.881979048252106,
27100,,0.116378950022529,1.06571137905121,
27150,,0.14999355351802,0.885591745376587,
27200,,0.077487971572049,0.844809412956238,
27250,,0.137289036896824,0.917875111103058,
27300,,0.150393842695861,0.845184028148651,
27350,,0.132788790018777,0.917274117469788,
27400,,0.119894237516406,0.845584273338318,
27450,,0.11755257054389,0.7743119597435,
27500,0.93529702970297,0.06414092218146,0.806806921958923,0.467029702970297
27550,,0.067547822574616,0.915417075157166,
27600,,0.100299169287016,0.800541818141937,
27650,,0.037811871883313,0.882369458675385,
27700,,0.150403410893228,0.832352459430695,
27750,,0.060181593774865,0.882503807544708,
27800,,0.178852424742033,0.834166347980499,
27850,,0.126540874853924,0.885663151741028,
27900,,0.101409115966384,0.869475305080414,
27950,,0.12710058087009,1.01964044570923,
28000,0.936831683168317,0.159907161597424,0.880307853221893,0.467029702970297
28050,,0.028156819216956,0.839036643505096,
28100,,0.144715103589465,0.889439463615418,
28150,,0.083187586124532,0.841742038726807,
28200,,0.158680108391201,0.883624255657196,
28250,,0.153420519629265,0.794520735740662,
28300,,0.109591989684294,0.967573761940002,
28350,,0.104798635699312,0.967873454093933,
28400,,0.064851674617871,0.836484432220459,
28450,,0.180414143478446,0.835568010807037,
28500,0.933514851485148,0.081969603875074,0.877227187156677,0.468415841584158
28550,,0.170709861623591,0.959146976470947,
28600,,0.084187345975446,0.837381064891815,
28650,,0.107334602587446,0.948414444923401,
28700,,0.031831697516936,0.914751350879669,
28750,,0.077675229647624,0.894572138786316,
28800,,0.014346798923754,0.833148717880249,
28850,,0.14893836175277,0.91564017534256,
28900,,0.089493076083174,1.03811955451965,
28950,,0.090246244298163,0.947029590606689,
29000,0.933019801980198,0.074195303384001,0.896688103675842,0.468415841584158
29050,,0.03882610681187,0.8577840924263,
29100,,0.117286223718475,0.880233287811279,
29150,,0.157821759447638,0.884820342063904,
29200,,0.174320934879979,0.81478226184845,
29250,,0.105740812275834,0.912676990032196,
29300,,0.120088494207877,0.870815455913544,
29350,,0.125403840019104,0.851785063743591,
29400,,0.078536733414512,0.987780451774597,
29450,,0.144128050771523,0.848093390464783,
29500,0.933019801980198,0.180432833710401,0.917907655239105,0.468415841584158
29550,,0.092458237684036,0.80450165271759,
29600,,0.130136236293396,0.800481796264648,
29650,,0.048069464960727,0.758350849151611,
29700,,0.30798474353069,1.00724172592163,
29750,,0.053735161936606,0.835967779159546,
29800,,0.109249003466905,0.836150825023651,
29850,,0.213099233058681,0.834409356117249,
29900,,0.065469302168034,0.926110625267029,
29950,,0.080312397360247,0.830186307430267,
30000,0.931732673267327,0.115491693327108,0.836995244026184,0.467029702970297
30050,,0.111805546269637,0.72480171918869,
30100,,0.331602540849326,0.873469531536102,
30150,,0.139841766399289,0.779850780963898,
30200,,0.094535892101342,1.00098586082459,
30250,,0.255796903020814,0.830854475498199,
30300,,0.139429436749713,1.060715675354,
30350,,0.146223358718956,0.794316172599793,
30400,,0.110691837408037,0.740503668785095,
30450,,0.108952645527467,0.873876631259918,
30500,0.928960396039604,0.098696253792209,0.893202543258667,0.467029702970297
30550,,0.015216418732675,0.886319220066071,
30600,,0.047189986608955,0.893959045410156,
30650,,0.216598516827667,0.873035609722137,
30700,,0.150024265862376,0.872602701187134,
30750,,0.056263956908842,0.879584550857544,
30800,,0.109317857253926,0.837243258953095,
30850,,0.140942152981533,0.954410552978516,
30900,,0.226940848893899,0.956164240837097,
30950,,0.057885968745702,0.841831266880035,
31000,0.933069306930693,0.191154574038689,0.804478883743286,0.467029702970297
31050,,0.138193749927049,0.879197299480438,
31100,,0.088168854622309,0.917174816131592,
31150,,0.053493280668614,0.916440069675446,
31200,,0.095504051312721,0.953641414642334,
31250,,0.182038029441982,0.952958524227142,
31300,,0.073854433499353,0.771235108375549,
31350,,0.105346322227026,0.953132688999176,
31400,,0.123367164870358,1.13610994815826,
31450,,0.11438492678866,0.915926575660706,
31500,0.934356435643564,0.12570402335032,0.917637169361115,0.468415841584158
31550,,0.118344194315783,0.849148988723755,
31600,,0.103465722696294,0.81533020734787,
31650,,0.090944031942952,0.848462343215942,
31700,,0.067394674303307,0.850159049034119,
31750,,0.167367642096349,0.812648236751556,
31800,,0.172511739567376,0.845616102218628,
31850,,0.124583551807259,0.879684984683991,
31900,,0.106767562104783,0.880599081516266,
31950,,0.096899739052254,0.956393182277679,
32000,0.936039603960396,0.131094125790326,0.84297102689743,0.467029702970297
32050,,0.159037928177349,0.841454923152924,
32100,,0.059862855261741,0.838324069976807,
32150,,0.14313721833578,1.00479662418365,
32200,,0.079861266765616,0.836765348911285,
32250,,0.082898661813328,0.92281699180603,
32300,,0.097547151727489,0.793574392795563,
32350,,0.148783357292542,1.0122504234314,
32400,,0.106797630999086,0.922204256057739,
32450,,0.062808443438395,0.878515303134918,
32500,0.936881188118812,0.136586601512508,0.9631667137146,0.468415841584158
32550,,0.121520198830087,0.840515196323395,
32600,,0.14111770870933,0.958073496818543,
32650,,0.135751382696443,1.0371470451355,
32700,,0.067194506770844,0.879679441452026,
32750,,0.086498006085835,0.917512714862824,
32800,,0.10831293061039,0.95499974489212,
32850,,0.147037572221664,0.808897733688355,
32900,,0.113433316642244,0.848658621311188,
32950,,0.107999752732299,0.951832592487335,
33000,0.932722772277228,0.127360643504345,1.05364894866943,0.468861386138614
33050,,0.115727017161727,0.916115283966064,
33100,,0.095428064870721,0.883262991905212,
33150,,0.125143455609326,0.817121744155884,
33200,,0.114714898193145,0.819169521331787,
33250,,0.052615153810961,0.951394259929657,
33300,,0.073623564165831,0.846110820770264,
33350,,0.096671646255002,0.876924514770508,
33400,,0.170070155271075,0.946647882461548,
33450,,0.108208804411014,0.948926091194153,
33500,0.934108910891089,0.046365329020092,0.953135311603546,0.467029702970297
33550,,0.079837128052162,0.92915678024292,
33600,,0.129439005179286,0.880607306957245,
33650,,0.115536391494493,0.847729861736298,
33700,,0.134995042053233,0.852356731891632,
33750,,0.138651237609859,0.961423397064209,
33800,,0.106608161120084,0.841500341892242,
33850,,0.016350520850068,0.909541726112366,
33900,,0.140647906724781,0.845444202423096,
33950,,0.131815476652731,0.824676334857941,
34000,0.934653465346535,0.166967138304001,0.912256598472595,0.467029702970297
34050,,0.08026289401653,0.784920632839203,
34100,,0.130920868964399,0.848731517791748,
34150,,0.077893575167634,0.820113778114319,
34200,,0.151080605013888,1.06517338752747,
34250,,0.055041521858847,0.902229487895966,
34300,,0.137063819133215,0.978821694850922,
34350,,0.113504835424163,0.789558112621307,
34400,,0.077573288314265,0.975772082805634,
34450,,0.152042261542532,0.831499814987183,
34500,0.936980198019802,0.08266222002599,0.798479795455933,0.467029702970297
34550,,0.029868005489033,1.00039935112,
34600,,0.121291628795542,0.878418028354645,
34650,,0.072105055462351,0.833447694778442,
34700,,0.069183345112625,0.914673686027527,
34750,,0.1119302231517,0.955735683441162,
34800,,0.085837807915537,0.881744384765625,
34850,,0.058467612223306,0.842894971370697,
34900,,0.085584079072546,0.920023262500763,
34950,,0.05028193698221,0.917059659957886,
35000,0.936386138613861,0.041175378573451,0.953264534473419,0.468415841584158
35050,,0.079100979933034,0.916089713573456,
35100,,0.136183658936301,0.878074884414673,
35150,,0.094809694973223,0.9218430519104,
35200,,0.048760180018005,0.808319807052612,
35250,,0.12178765989574,0.814047932624817,
35300,,0.107939345182821,0.949552774429321,
35350,,0.08092519669274,0.877240002155304,
35400,,0.112435092201272,0.881062626838684,
35450,,0.03629199494954,0.877258539199829,
35500,0.935693069306931,0.043500898549482,0.952822089195251,0.468415841584158
35550,,0.059421539397322,0.845149278640747,
35600,,0.153995670548301,0.800236642360687,
35650,,0.126366041186471,0.841480076313019,
35700,,0.092520779611011,0.968027472496033,
35750,,0.099893870188916,0.875981986522675,
35800,,0.178355714602721,0.879847884178162,
35850,,0.216046883720762,0.921340584754944,
35900,,0.108903388275824,0.874403357505798,
35950,,0.186484468265792,0.99860006570816,
36000,0.904504950495049,0.13721353848631,0.75105744600296,0.468415841584158
36050,,0.169096151537532,0.802449405193329,
36100,,0.12233160846066,0.965560078620911,
36150,,0.087729552606262,0.91700553894043,
36200,,0.102457706732454,0.792319118976593,
36250,,0.15857576958582,0.837052583694458,
36300,,0.059802126906359,0.876332998275757,
36350,,0.16546100284937,0.880975425243378,
36400,,0.108226074163173,0.792298793792725,
36450,,0.045946653797284,0.876898348331451,
36500,0.931980198019802,0.132123043682886,0.877214670181274,0.468415841584158
36550,,0.108920288424853,0.924801170825958,
36600,,0.13366215755025,0.8324094414711,
36650,,0.220838616601604,0.833928823471069,
36700,,0.142900458513917,0.923164069652557,
36750,,0.063863226330207,0.788723707199097,
36800,,0.10484718198629,0.922728598117828,
36850,,0.108423347592216,0.88384735584259,
36900,,0.117405179474401,0.87659752368927,
36950,,0.065489337883981,0.970324039459229,
37000,0.933762376237624,0.034805425352184,0.78946578502655,0.468415841584158
37050,,0.139968997032926,0.794578194618225,
37100,,0.084455559783204,0.789959192276001,
37150,,0.065548932863757,0.967080295085907,
37200,,0.075901472801861,0.876739859580994,
37250,,0.043022193316854,0.883741021156311,
37300,,0.068881279888899,0.83959823846817,
37350,,0.162161286863094,0.832170724868774,
37400,,0.084193968001258,0.877527058124542,
37450,,0.069515406764818,0.924038410186768,
37500,0.933465346534653,0.051715733790218,0.920187830924988,0.468415841584158
37550,,0.058403844696561,0.961588382720947,
37600,,0.031386082655918,0.878543019294739,
37650,,0.059028991149725,0.838340282440186,
37700,,0.169058768835689,0.999929368495941,
37750,,0.080630965830022,0.917470872402191,
37800,,0.088277037709901,0.763843476772308,
37850,,0.186816271136612,0.841255247592926,
37900,,0.025442077999298,0.882017970085144,
37950,,0.077686220870243,0.882452011108398,
38000,0.936584158415842,0.083123261234749,0.841239392757416,0.467029702970297
38050,,0.077641433732616,0.997994303703308,
38100,,0.132742739707787,0.918951034545898,
38150,,0.049674747395054,0.799359798431397,
38200,,0.099567763592369,0.919802904129028,
38250,,0.107469106065396,0.919874489307404,
38300,,0.072561736837497,0.839594125747681,
38350,,0.092782762727477,0.843596398830414,
38400,,0.065727744437513,0.916568279266357,
38450,,0.069158307758248,0.954552292823792,
38500,0.93460396039604,0.061149113080116,0.917166113853455,0.467029702970297
38550,,0.058393982034949,0.920000851154327,
38600,,0.112499790549317,0.800792634487152,
38650,,0.115831287650755,0.879875957965851,
38700,,0.103058308900815,0.879707396030426,
38750,,0.098706702323082,0.9161536693573,
38800,,0.063283878327749,0.878417193889618,
38850,,0.015101688012825,0.993888139724731,
38900,,0.220960606009248,0.957703173160553,
38950,,0.106521416108276,0.765793025493622,
39000,0.933366336633663,0.083254356302298,0.954802989959717,0.468415841584158
39050,,0.107465647987043,0.840231239795685,
39100,,0.124198791954696,0.910821080207825,
39150,,0.156552763545301,0.843186259269714,
39200,,0.078852142526056,0.911506831645966,
39250,,0.063085963914063,0.843424737453461,
39300,,0.185767083206919,0.985698103904724,
39350,,0.035861601090712,0.863154351711273,
39400,,0.110856468238457,0.868061423301697,
39450,,0.150184161728216,0.884656608104706,
39500,0.935247524752475,0.087881181267279,0.818551301956177,0.468415841584158
39550,,0.159840286548575,0.777814149856567,
39600,,0.165671292846433,0.904965877532959,
39650,,0.060679145575269,1.02236390113831,
39700,,0.113121464196271,0.879105746746063,
39750,,0.114046402934529,0.950433969497681,
39800,,0.152434629251291,0.876535892486572,
39850,,0.077032293781252,0.891548752784729,
39900,,0.159230999235229,0.863131165504456,
39950,,0.058359036441042,0.835580050945282,
40000,0.93549504950495,0.163218559784107,0.918151259422302,0.468415841584158
40050,,0.087062396068743,0.799960613250732,
40100,,0.114739085890161,0.835196316242218,
40150,,0.116995678415501,0.909505665302277,
40200,,0.116827252744566,0.839442193508148,
40250,,0.075106399503124,0.890831053256989,
40300,,0.070965661661237,0.917458355426788,
40350,,0.105002305850445,0.932936072349548,
40400,,0.089503975809568,0.833419740200043,
40450,,0.023064730671845,1.09104418754578,
40500,0.935693069306931,0.058594572159361,0.841005682945251,0.468415841584158
40550,,0.068583481292308,0.913808584213257,
40600,,0.085482955394032,0.800498783588409,
40650,,0.085407136434017,0.927955687046051,
40700,,0.185436751680735,0.879124760627747,
40750,,0.08540421362881,0.839053213596344,
40800,,0.07950584647103,1.03921091556549,
40850,,0.080644842539312,0.840859353542328,
40900,,0.161042360494927,0.84249222278595,
40950,,0.080667745085358,0.841496288776398,
41000,0.935247524752475,0.085632640974671,1.02989649772644,0.546089108910891
41050,,0.090157539493488,0.916255056858063,
41100,,0.063922507581278,0.879904925823212,
41150,,0.050619853899473,0.805198132991791,
41200,,0.120723867371752,0.993025362491608,
41250,,0.094028532057327,0.805565178394318,
41300,,0.086282958123321,0.914604723453522,
41350,,0.151657465265317,0.95167863368988,
41400,,0.065992139510958,0.84345543384552,
41450,,0.052871004757363,0.916981339454651,
41500,0.934009900990099,0.043595925277657,0.880530536174774,0.467029702970297
41550,,0.106260814892524,0.843535900115967,
41600,,0.099604814969501,0.880127727985382,
41650,,0.088524437174281,0.845036864280701,
41700,,0.091075101976808,1.0299586057663,
41750,,0.069982383393167,1.03212749958038,
41800,,0.076400847627777,0.840833604335785,
41850,,0.092909627273472,0.918829560279846,
41900,,0.054763051364493,0.87744802236557,
41950,,0.099845530152621,0.915945768356323,
42000,0.932029702970297,0.133313667798268,0.91591489315033,0.467029702970297
42050,,0.104015997297536,0.842624306678772,
42100,,0.130507139788177,1.02445101737976,
42150,,0.039339332897354,1.02285099029541,
42200,,0.091277422750468,0.810721576213837,
42250,,0.085423713774373,0.953091979026794,
42300,,0.177851254966034,0.846974194049835,
42350,,0.033515759722644,0.812284708023071,
42400,,0.130452188373371,0.916763782501221,
42450,,0.075880349115636,0.915344595909119,
42500,0.93509900990099,0.09423719231046,0.849001228809357,0.467029702970297
42550,,0.074778601841047,0.919870018959045,
42600,,0.08317845262671,0.876488626003265,
42650,,0.087577647829517,0.807470619678497,
42700,,0.106147303671619,0.877209007740021,
42750,,0.108957361727047,0.913869261741638,
42800,,0.063752297267319,0.916761338710785,
42850,,0.175335502462825,0.837064921855927,
42900,,0.093690191247747,0.954210996627808,
42950,,0.062268482387641,0.799759685993195,
43000,0.934752475247525,0.101316387652919,0.926387429237366,0.467029702970297
43050,,0.114079821738317,0.916251063346863,
43100,,0.074001912644033,0.957969605922699,
43150,,0.065822122245791,1.04447984695435,
43200,,0.070114631877681,0.839224874973297,
43250,,0.051010018152922,0.878401279449463,
43300,,0.236191330639572,0.797926485538483,
43350,,0.078065107293267,0.83422988653183,
43400,,0.140920173168424,0.916796505451202,
43450,,0.079937669105198,0.913134813308716,
43500,0.936039603960396,0.1021695704384,0.99325704574585,0.467029702970297
43550,,0.092286873823566,0.92638486623764,
43600,,0.07737792215488,1.00492691993713,
43650,,0.094651265520531,0.919533789157867,
43700,,0.082633253391405,1.09959578514099,
43750,,0.168015780082877,0.811701714992523,
43800,,0.094281274318117,0.880169212818146,
43850,,0.080495108539628,0.918967962265015,
43900,,0.104636714630111,0.982836067676544,
43950,,0.050160677475672,0.885372877120972,
44000,0.933762376237624,0.094051769725999,0.82108873128891,0.468415841584158
44050,,0.129733342463153,0.917154550552368,
44100,,0.07851893535821,0.947361469268799,
44150,,0.105009284492562,0.891938447952271,
44200,,0.116336860574123,0.882119655609131,
44250,,0.067827544164353,0.857709586620331,
44300,,0.254266848561029,0.823010504245758,
44350,,0.313387097336036,0.945573031902313,
44400,,0.184826786806759,0.88394159078598,
44450,,0.139607432626982,0.944345831871033,
44500,0.932673267326733,0.131066520226412,0.84891802072525,0.468415841584158
44550,,0.11880596965439,0.91300767660141,
44600,,0.088034160244276,0.918096780776978,
44650,,0.242424412548213,0.910975933074951,
44700,,0.122825712175181,0.841959595680237,
44750,,0.088894272793729,0.835791170597076,
44800,,0.179262997034493,0.880779564380646,
44850,,0.132174472667276,0.968272805213928,
44900,,0.073189918408435,0.949428379535675,
44950,,0.029588078515832,0.96374648809433,
45000,0.935445544554455,0.098416251600491,0.904354691505432,0.468415841584158
45050,,0.076544572528311,0.87270975112915,
45100,,0.142919807765427,0.799869537353516,
45150,,0.09654662409971,0.965264558792114,
45200,,0.031306838524188,0.794028043746948,
45250,,0.097418317103429,1.0058251619339,
45300,,0.113283421999728,0.924197614192963,
45350,,0.093224651833641,0.876538693904877,
45400,,0.038393315132736,0.976683139801025,
45450,,0.178081628862831,0.845707297325134,
45500,0.933960396039604,0.149942424774892,0.83575040102005,0.468415841584158
45550,,0.102911511857571,0.928634703159332,
45600,,0.112616624164928,0.797416150569916,
45650,,0.036389897775877,0.807063758373261,
45700,,0.06666243873306,0.839645445346832,
45750,,0.065123958678021,0.995927453041077,
45800,,0.07564494574602,0.877953708171845,
45850,,0.077025261898863,0.999608516693115,
45900,,0.116177597788674,0.87821763753891,
45950,,0.039968455892029,0.95835143327713,
46000,0.929207920792079,0.183547005920233,0.799495995044708,0.467029702970297
46050,,0.081463401388016,0.845951795578003,
46100,,0.065953176630838,0.805724740028381,
46150,,0.124037944679914,0.999331593513489,
46200,,0.096462662903314,0.956834554672241,
46250,,0.089699771620489,0.842367172241211,
46300,,0.086139068760056,0.945789933204651,
46350,,0.16635636526779,0.881431102752686,
46400,,0.146972171025851,0.803356468677521,
46450,,0.068935610970892,0.924307584762573,
46500,0.933217821782178,0.065748500594943,0.958464801311493,0.467029702970297
46550,,0.05972675921427,0.848068296909332,
46600,,0.077076890111883,0.915423154830933,
46650,,0.076972145627221,0.950178980827332,
46700,,0.170503588095189,0.956318616867065,
46750,,0.050963354285513,0.803383886814117,
46800,,0.047607214488716,0.843291997909546,
46850,,0.046131416701512,0.952803254127502,
46900,,0.114172307539522,0.915964186191559,
46950,,0.083946446615421,0.767700433731079,
47000,0.934207920792079,0.088538751057046,0.805959165096283,0.467029702970297
47050,,0.075130344037305,0.839990615844727,
47100,,0.077404629720533,0.992182850837708,
47150,,0.162372722936473,0.957932651042938,
47200,,0.072038863203624,0.91066187620163,
47250,,0.124424346469398,0.921696782112122,
47300,,0.284233259388192,0.91174727678299,
47350,,0.085452165047045,0.878013074398041,
47400,,0.062875390968139,1.00243747234344,
47450,,0.081727762202735,0.880979239940643,
47500,0.932920792079208,0.208085303909149,0.878843009471893,0.467029702970297
47550,,0.13642679377708,0.876300036907196,
47600,,0.076923259231074,0.843335807323456,
47650,,0.079274257766435,0.954413235187531,
47700,,0.112621083963673,0.990813612937927,
47750,,0.123168236667811,0.835959553718567,
47800,,0.082703308995972,0.87412041425705,
47850,,0.082073948421727,0.950976490974426,
47900,,0.069672440420846,0.915555417537689,
47950,,0.092534462141764,0.915112614631653,
48000,0.932722772277228,0.059105466869296,0.874140858650208,0.467029702970297
48050,,0.114878444541928,0.804047107696533,
48100,,0.053944341419515,0.928639531135559,
48150,,0.028403169780704,0.881043255329132,
48200,,0.105114670352708,0.842716455459595,
48250,,0.095088102733039,0.872413337230682,
48300,,0.044212260767622,0.879950284957886,
48350,,0.08367595097863,0.842634260654449,
48400,,0.141969748413627,0.787679851055145,
48450,,0.053634999893691,0.841901242733002,
48500,0.933910891089109,0.088870146787661,0.921498715877533,0.467029702970297
48550,,0.115150494397031,0.871855318546295,
48600,,0.057263299972688,1.14495158195496,
48650,,0.081016271609133,0.838570415973663,
48700,,0.059460450376697,0.973669648170471,
48750,,0.038233427916675,0.912916898727417,
48800,,0.099210066170397,0.911647617816925,
48850,,0.059872131843483,0.769936084747314,
48900,,0.108829940055267,0.844103097915649,
48950,,0.145546713496678,0.838664770126343,
49000,0.936237623762376,0.070388085003204,0.840921700000763,0.467029702970297
49050,,0.080826193928769,0.800906300544739,
49100,,0.093779853983184,0.803577780723572,
49150,,0.195046835785846,0.834684431552887,
49200,,0.165028213446672,0.915233254432678,
49250,,0.052060548083516,0.878622114658356,
49300,,0.109633359743057,0.790446758270264,
49350,,0.138240202352093,1.10148406028748,
49400,,0.049082760651195,0.833810329437256,
49450,,0.162106381268187,0.876712799072266,
49500,0.93480198019802,0.131889103179388,0.834309816360474,0.468415841584158
49550,,0.068287013762554,0.836604177951813,
49600,,0.084732572271938,0.833895564079285,
49650,,0.079148650111026,0.973386526107788,
49700,,0.040522120881888,0.830692231655121,
49750,,0.118394025216652,0.790349364280701,
49800,,0.112606358666626,0.795830547809601,
49850,,0.076373624302157,0.786033272743225,
49900,,0.051052076672047,0.82974511384964,
49950,,0.103432679680421,0.831801533699036,
50000,0.934207920792079,0.140801730824215,0.98628568649292,0.636435643564356
50050,,0.075009213120537,0.883500874042511,
50100,,0.154167962768314,0.778679668903351,
50150,,0.110742248585449,0.829242527484894,
50200,,0.047167502885903,0.832618713378906,
50250,,0.140320230463699,0.724229633808136,
50300,,0.110929632781519,1.09870290756226,
50350,,0.065260891438001,0.935095608234406,
50400,,0.060599752426309,0.742894887924194,
50450,,0.057826969788069,0.875952064990997,
50500,0.935247524752475,0.189910888819592,0.838105916976929,0.560495049504951
50550,,0.109181236954619,0.790997922420502,
50600,,0.084185354146368,1.04556179046631,
50650,,0.178905434881991,0.834837317466736,
50700,,0.146010982373375,0.876962184906006,
50750,,0.04016677474798,0.796269237995148,
50800,,0.097435867732474,0.912370502948761,
50850,,0.153488847557637,0.950825750827789,
50900,,0.092763406504301,0.802412807941437,
50950,,0.076013300311462,0.759684324264526,
51000,0.93519801980198,0.110345975483067,0.911531805992126,0.537079207920792
51050,,0.05041654560882,0.876961290836334,
51100,,0.065220703220268,0.795265436172485,
51150,,0.082306687445741,0.996481120586395,
51200,,0.079592625441049,0.915690779685974,
51250,,0.137934970880287,0.912278950214386,
51300,,0.120940753192655,0.870633006095886,
51350,,0.060901233847268,0.751135230064392,
51400,,0.151565348174305,0.874247431755066,
51450,,0.02186412623226,0.912220358848572,
51500,0.934752475247525,0.053376813419685,0.996036767959595,0.543960396039604
51550,,0.153316367056056,0.863456428050995,
51600,,0.086403036373566,0.830335974693298,
51650,,0.037282046076747,0.998446822166443,
51700,,0.059669903835406,0.905315160751343,
51750,,0.069497919589029,0.9197798371315,
51800,,0.046672075389034,0.741841435432434,
51850,,0.166436423487889,0.984744489192963,
51900,,0.093212993053005,0.852393746376038,
51950,,0.07194275251831,0.818820178508759,
52000,0.93450495049505,0.06570111307118,0.824957132339478,0.467029702970297
52050,,0.073021925788309,0.90807843208313,
52100,,0.152074912231614,0.950646817684174,
52150,,0.050587219858607,0.946823477745056,
52200,,0.092416819310797,0.785524725914001,
52250,,0.136883900965771,0.793583154678345,
52300,,0.095002757091981,0.860491514205933,
52350,,0.01723214625102,0.864493250846863,
52400,,0.057201145721443,0.803723514080048,
52450,,0.04255619196094,0.919499456882477,
52500,0.934752475247525,0.077164751539454,0.903914928436279,0.503465346534653
52550,,0.121329795988357,0.871017158031464,
52600,,0.105533897401753,0.85670793056488,
52650,,0.139178327260788,0.895981311798096,
52700,,0.104650218572057,0.792989015579224,
52750,,0.173490239469143,0.931272447109222,
52800,,0.048036212783267,0.931726396083832,
52850,,0.108646569266014,0.756048977375031,
52900,,0.119143259882849,0.794891536235809,
52950,,0.055564837247779,0.871569752693176,
53000,0.937376237623762,0.135183971317473,0.865642011165619,0.692772277227723
53050,,0.039708653551918,0.665902614593506,
53100,,0.123655491180824,0.744120836257935,
53150,,0.092182446714261,0.735860645771027,
53200,,0.101437405083878,0.954082489013672,
53250,,0.178530008548546,0.709137797355652,
53300,,0.093660796638982,0.840492486953735,
53350,,0.074428410843895,0.661073863506317,
53400,,0.140469633370932,0.686393558979034,
53450,,0.130664483461989,0.730158686637878,
53500,0.933663366336634,0.038781572003121,0.72553288936615,0.723366336633663
53550,,0.090586325461779,0.701558887958527,
53600,,0.08366053155082,0.772304713726044,
53650,,0.09180590043503,0.683216094970703,
53700,,0.103208337881536,0.664916634559631,
53750,,0.038131465233155,0.683176577091217,
53800,,0.116794936479008,0.731135725975037,
53850,,0.117347388561534,0.739371180534363,
53900,,0.122002227369639,0.653666019439697,
53950,,0.067068111128701,0.52460378408432,
54000,0.934752475247525,0.13881741707125,0.581314861774445,0.756188118811881
54050,,0.101532709226787,0.728883504867554,
54100,,0.175267810918418,0.60725462436676,
54150,,0.17551127872358,0.532386064529419,
54200,,0.175031612712378,0.606219470500946,
54250,,0.079496935110474,0.694532454013824,
54300,,0.015508345429706,0.498658686876297,
54350,,0.12866281685576,0.451458632946014,
54400,,0.048938167229633,0.49066150188446,
54450,,0.070363909713311,0.709448754787445,
54500,0.93019801980198,0.050951863027887,0.530021190643311,0.761089108910891
54550,,0.066615431930868,0.565574645996094,
54600,,0.156493840078035,0.740814805030823,
54650,,0.098876017066576,0.787937760353088,
54700,,0.090523407704424,0.405197948217392,
54750,,0.201482931586083,0.460116982460022,
54800,,0.143756359001593,0.596837997436523,
54850,,0.11525091380698,0.67184180021286,
54900,,0.059648032054435,0.73773854970932,
54950,,0.059283661734766,0.467663198709488,
55000,0.935247524752475,0.066681560881842,0.660604655742645,0.78539603960396
55050,,0.133571092332173,0.474377125501633,
55100,,0.07032974932044,0.501646459102631,
55150,,0.152900489263196,0.637529969215393,
55200,,0.10290198157998,0.578769683837891,
55250,,0.215819047485843,0.449828684329987,
55300,,0.072470642735541,0.546877503395081,
55350,,0.310327240488499,0.539123296737671,
55400,,0.116037846000372,0.583230972290039,
55450,,0.070887211378905,0.69305694103241,
55500,0.932970297029703,0.123409926158413,0.470468699932098,0.816980198019802
55550,,0.054404036745331,0.520400941371918,
55600,,0.027428547068377,0.460822522640228,
55650,,0.119420375533903,0.501963019371033,
55700,,0.037290830915253,0.221731066703796,
55750,,0.04042224111772,0.629008710384369,
55800,,0.371543459082697,0.335398107767105,
55850,,0.139368814255088,0.727893471717835,
55900,,0.060721416591366,0.438740462064743,
55950,,0.105646729843181,0.404774397611618,
56000,0.934158415841584,0.111061322882253,0.355028510093689,0.812376237623762
56050,,0.162968621672086,0.568244755268097,
56100,,0.109971645688981,0.390667408704758,
56150,,0.092207420278942,0.447476387023926,
56200,,0.117677850021553,0.405574500560761,
56250,,0.063312601796822,0.509273290634155,
56300,,0.105046824092163,0.414692789316177,
56350,,0.098141775222058,0.466995090246201,
56400,,0.107237036268597,0.637971758842468,
56450,,0.112108232424421,0.397062212228775,
56500,0.935792079207921,0.094181894660214,0.277397513389587,0.860742574257426
56550,,0.082846614634646,0.36161282658577,
56600,,0.060875173919097,0.385631442070007,
56650,,0.169455434042573,0.302901923656464,
56700,,0.052516094706302,0.269456893205643,
56750,,0.103682832109389,0.379018545150757,
56800,,0.124270975623432,0.389766305685043,
56850,,0.045911143561197,0.546777546405792,
56900,,0.052497447071641,0.331360787153244,
56950,,0.083608052313794,0.436535984277725,
57000,0.935148514851485,0.07796211694834,0.415038973093033,0.877821782178218
57050,,0.14510718647734,0.371979057788849,
57100,,0.105208494076881,0.213688105344772,
57150,,0.065199778424458,0.325973153114319,
57200,,0.134889040014327,0.19120991230011,
57250,,0.154721776091439,0.334144860506058,
57300,,0.082449144776115,0.397302985191345,
57350,,0.093745675063626,0.34453159570694,
57400,,0.103875383568942,0.268258929252625,
57450,,0.128420488270299,0.227809950709343,
57500,0.936089108910891,0.093502748677067,0.4442318379879,0.847722772277228
57550,,0.053219139516417,0.718621671199799,
57600,,0.118692229598476,0.261480391025543,
57650,,0.116886767103379,0.437203288078308,
57700,,0.140557905833529,0.216167315840721,
57750,,0.089175196855447,0.308649033308029,
57800,,0.095748460419659,0.305932074785233,
57850,,0.106543837642147,0.355452448129654,
57900,,0.085108407447352,0.188767001032829,
57950,,0.060308981971587,0.309951692819595,
58000,0.937277227722772,0.160028939578962,0.194730460643768,0.890148514851485
58050,,0.072780054882376,0.337793260812759,
58100,,0.07069482592187,0.385763943195343,
58150,,0.122033114294114,0.337252110242844,
58200,,0.07451379326337,0.247321307659149,
58250,,0.046400949912364,0.216240614652634,
58300,,0.073907798071004,0.144902989268303,
58350,,0.076660401790446,0.259678184986114,
58400,,0.096450777022763,0.216232731938362,
58450,,0.064144479799056,0.207221940159798,
58500,0.936485148514852,0.070673277390862,0.135483309626579,0.891831683168317
58550,,0.138846624909091,0.457731693983078,
58600,,0.148601604326637,0.342041015625,
58650,,0.12382058427048,0.19280543923378,
58700,,0.094817068669152,0.300868034362793,
58750,,0.07822978218746,0.342436134815216,
58800,,0.08931327469542,0.387373626232147,
58850,,0.175469313636911,0.438829302787781,
58900,,0.117203902536008,0.190899193286896,
58950,,0.15029059197854,0.209410578012466,
59000,0.93460396039604,0.071454941537943,0.442097127437592,0.897920792079208
59050,,0.086857444197088,0.421753883361816,
59100,,0.057404579372749,0.213693201541901,
59150,,0.062878452249059,0.505522787570953,
59200,,0.083424071984188,0.399122476577759,
59250,,0.03520571314096,0.241517290472984,
59300,,0.031889162025452,0.472005695104599,
59350,,0.190986785170115,0.29547643661499,
59400,,0.054801066148139,0.333963483572006,
59450,,0.129807057663756,0.377460658550262,
59500,0.934554455445545,0.05926257029033,0.440388709306717,0.881138613861386
59550,,0.040217901649455,0.19699689745903,
59600,,0.095100870607832,0.303151220083237,
59650,,0.209108133344046,0.252446740865707,
59700,,0.185638355894088,0.327186346054077,
59750,,0.013346167930277,0.249826371669769,
59800,,0.203491970517971,0.209326699376106,
59850,,0.160009202490046,0.229101479053497,
59900,,0.155509214780131,0.244329869747162,
59950,,0.052700503826357,0.37502509355545,
60000,0.93460396039604,0.161373611015103,0.324975103139877,0.892673267326733
60050,,0.091948312900773,0.320768624544144,
60100,,0.090277339227167,0.216403424739838,
60150,,0.081494516737092,0.350078135728836,
60200,,0.074119384895181,0.213916912674904,
60250,,0.160516989582356,0.371554106473923,
60300,,0.070214129331569,0.471858561038971,
60350,,0.142799130308679,0.233110979199409,
60400,,0.09553895206663,0.3411885201931,
60450,,0.130581207968074,0.39397120475769,
60500,0.933019801980198,0.159515143874621,0.342217415571213,0.881633663366337
60550,,0.101275169219904,0.32299467921257,
60600,,0.096001822717307,0.151705071330071,
60650,,0.054012743265817,0.386751860380173,
60700,,0.071741271126917,0.248679906129837,
60750,,0.047322716241625,0.171846598386765,
60800,,0.052111720027533,0.138787358999252,
60850,,0.061109053584462,0.255972355604172,
60900,,0.143457369261453,0.253632843494415,
60950,,0.083755699752488,0.171366885304451,
61000,0.932128712871287,0.17115382627153,0.210834965109825,0.908217821782178
61050,,0.132281719993501,0.189373701810837,
61100,,0.052959367624271,0.38325959444046,
61150,,0.097582834944955,0.313153654336929,
61200,,0.080049014884541,0.231578558683395,
61250,,0.066546717920723,0.375282317399979,
61300,,0.088026660805127,0.321575552225113,
61350,,0.036641509994836,0.253681182861328,
61400,,0.078125902777874,0.27046138048172,
61450,,0.080686329091382,0.203528329730034,
61500,0.934356435643564,0.14085457899542,0.167266085743904,0.913118811881188
61550,,0.152996041158888,0.321485221385956,
61600,,0.086645628046486,0.098465725779533,
61650,,0.073504599661178,0.217015281319618,
61700,,0.112434003037356,0.127332851290703,
61750,,0.14021776203764,0.242656797170639,
61800,,0.065109894638352,0.187616869807243,
61850,,0.157031466963915,0.328060239553452,
61900,,0.098777952517516,0.340357899665833,
61950,,0.06352342887091,0.152798905968666,
62000,0.935544554455446,0.081822279062267,0.32677960395813,0.912277227722772
62050,,0.045912051334355,0.252506852149963,
62100,,0.123332959544124,0.109979957342148,
62150,,0.149645062701041,0.221355691552162,
62200,,0.080155033218787,0.584099471569061,
62250,,0.083851141040401,0.152430191636086,
62300,,0.14085963183522,0.201235711574554,
62350,,0.095969321491383,0.210030063986778,
62400,,0.073811447064567,0.204757422208786,
62450,,0.068861088854985,0.287035167217255,
62500,0.936732673267327,0.119098564441178,0.275439649820328,0.913069306930693
62550,,0.167329351591588,0.158083826303482,
62600,,0.144114292733302,0.286818325519562,
62650,,0.156797467748634,0.562068045139313,
62700,,0.066911578353471,0.247189983725548,
62750,,0.134620303066815,0.092446230351925,
62800,,0.139961959319072,0.185397446155548,
62850,,0.097893264544738,0.350994408130646,
62900,,0.054926790938229,0.261870741844177,
62950,,0.042729637792702,0.179162174463272,
63000,0.935891089108911,0.056070532045505,0.250140070915222,0.915148514851485
63050,,0.120273100529846,0.318746030330658,
63100,,0.098032586476398,0.129192486405373,
63150,,0.137406474197771,0.204642683267593,
63200,,0.084759384392723,0.278110712766647,
63250,,0.106862126821108,0.196403101086617,
63300,,0.014304194049526,0.145827487111092,
63350,,0.049940861375373,0.212399706244469,
63400,,0.180027085133385,0.333398163318634,
63450,,0.131395796683261,0.250736802816391,
63500,0.935445544554455,0.150039302530247,0.280318647623062,0.911138613861386
63550,,0.110334552397207,0.167323410511017,
63600,,0.098443475444951,0.24059185385704,
63650,,0.054307567574038,0.283601105213165,
63700,,0.093776556974287,0.206851959228516,
63750,,0.140018594964897,0.305846393108368,
63800,,0.090348272132565,0.150626510381699,
63850,,0.079490290399616,0.307661175727844,
63900,,0.061878495067012,0.37162059545517,
63950,,0.155022743984737,0.197294965386391,
64000,0.935247524752475,0.109153294138866,0.16322860121727,0.915148514851485
64050,,0.059113084354577,0.238079026341438,
64100,,0.16526748299154,0.160427495837212,
64150,,0.099256379561705,0.163502037525177,
64200,,0.102107130521342,0.1510309278965,
64250,,0.085406210485706,0.134367078542709,
64300,,0.084661668546416,0.190876841545105,
64350,,0.130893536516754,0.19853250682354,
64400,,0.090318343690761,0.145279660820961,
64450,,0.088961618228144,0.407980740070343,
64500,0.932574257425743,0.100029232473956,0.265035182237625,0.920495049504951
64550,,0.065781197087322,0.168430030345917,
64600,,0.064832157306671,0.275946527719498,
64650,,0.091695878257916,0.159133493900299,
64700,,0.081958851414816,0.230967119336128,
64750,,0.060883385912947,0.208690837025642,
64800,,0.119044350141791,0.161140903830528,
64850,,0.115351342518999,0.413090974092484,
64900,,0.032162281313753,0.277120560407639,
64950,,0.041747239566549,0.236791461706161,
65000,0.933415841584158,0.061169351173368,0.112063579261303,0.912128712871287
65050,,0.097458929520428,0.240970253944397,
65100,,0.064128241042329,0.200230941176414,
65150,,0.095229298645272,0.186938807368279,
65200,,0.112153601614702,0.315536648035049,
65250,,0.106793393169417,0.217199146747589,
65300,,0.090778492395699,0.298221886157989,
65350,,0.113397737707598,0.244522497057915,
65400,,0.126576191448395,0.297907054424286,
65450,,0.067346084572002,0.095208443701267,
65500,0.932821782178218,0.127675775309384,0.238470688462257,0.911930693069307
65550,,0.126448981774921,0.176050037145615,
65600,,0.091158391087814,0.283604234457016,
65650,,0.073090504730306,0.232095241546631,
65700,,0.06531594607194,0.30233097076416,
65750,,0.117166422403423,0.125390380620956,
65800,,0.127772408339106,0.178745195269585,
65850,,0.059134405800166,0.212561547756195,
65900,,0.172939981348284,0.200024798512459,
65950,,0.111261298797148,0.343463122844696,
66000,0.935049504950495,0.144348102614539,0.32379338145256,0.91480198019802
66050,,0.056121331067177,0.114794015884399,
66100,,0.131509794006617,0.303960502147675,
66150,,0.129808549415163,0.26269206404686,
66200,,0.122192188456053,0.260946601629257,
66250,,0.081232395192893,0.153876349329948,
66300,,0.03226634984357,0.303032100200653,
66350,,0.273513771825026,0.159673437476158,
66400,,0.212191206949681,0.410515904426575,
66450,,0.116705490311504,0.10535192489624,
66500,0.932029702970297,0.07789760063118,0.171696588397026,0.90529702970297
66550,,0.033535079483233,0.178600996732712,
66600,,0.114841163422026,0.18495100736618,
66650,,0.032367266735433,0.236553847789764,
66700,,0.078463539815016,0.150973975658417,
66750,,0.060054027136296,0.18708148598671,
66800,,0.168821227726108,0.172404363751411,
66850,,0.134916168538287,0.180325388908386,
66900,,0.086522592502975,0.241402447223663,
66950,,0.282904892451762,0.290625274181366,
67000,0.919851485148515,0.094415911934316,0.175728842616081,0.915
67050,,0.057857193920279,0.273315519094467,
67100,,0.288722093542625,0.179940283298492,
67150,,0.079109398707811,0.214516997337341,
67200,,0.090316580756639,0.301270455121994,
67250,,0.045626307301775,0.35301274061203,
67300,,0.135641583143095,0.165606155991554,
67350,,0.088116454411,0.305706858634949,
67400,,0.119750564070658,0.173805311322212,
67450,,0.147429487571764,0.392287760972977,
67500,0.935544554455446,0.071723440657984,0.183974623680115,0.918613861386139
67550,,0.070618821262383,0.207516998052597,
67600,,0.057791208566771,0.135460183024406,
67650,,0.115853168623816,0.181777819991112,
67700,,0.078160884524005,0.214322611689568,
67750,,0.071822085777795,0.182127401232719,
67800,,0.073818378434091,0.247602060437202,
67850,,0.161994904099571,0.251726359128952,
67900,,0.079995511462036,0.202183321118355,
67950,,0.101706124305497,0.186635240912437,
68000,0.936287128712871,0.118620722811524,0.039624944329262,0.916336633663366
68050,,0.130583965065067,0.196515560150146,
68100,,0.049576389579839,0.227795109152794,
68150,,0.072985223377844,0.185980394482613,
68200,,0.13838247466459,0.208021342754364,
68250,,0.141799736581529,0.348515868186951,
68300,,0.058850585918579,0.205086216330528,
68350,,0.067199919624877,0.213204026222229,
68400,,0.125843636484878,0.208144918084145,
68450,,0.06480183783823,0.183378294110298,
68500,0.932425742574258,0.089460142364027,0.472298979759216,0.915693069306931
68550,,0.039110058842972,0.351144433021545,
68600,,0.124771608684348,0.31662306189537,
68650,,0.088583874459644,0.328712433576584,
68700,,0.065731547886059,0.369166284799576,
68750,,0.088865211283509,0.200337082147598,
68800,,0.083755368446967,0.223640739917755,
68850,,0.136137530400317,0.264621019363403,
68900,,0.071770424864469,0.146103516221046,
68950,,0.082228049193486,0.104620352387428,
69000,0.933217821782178,0.060535244877895,0.243304714560509,0.914554455445545
69050,,0.055549581042947,0.156918942928314,
69100,,0.074483843786375,0.1913982629776,
69150,,0.054690205080674,0.250357776880264,
69200,,0.037042886471032,0.19029775261879,
69250,,0.096115043192152,0.263439953327179,
69300,,0.071962385396533,0.171035096049309,
69350,,0.054720649792243,0.213880464434624,
69400,,0.0800435543687,0.251960843801498,
69450,,0.099333386667907,0.211718693375587,
69500,0.932970297029703,0.093101403235809,0.102832451462746,0.926287128712871
69550,,0.100847459740607,0.190964475274086,
69600,,0.134249065037613,0.205927193164825,
69650,,0.106410526465108,0.306219786405563,
69700,,0.084372519742557,0.198805257678032,
69750,,0.153065553156122,0.208761841058731,
69800,,0.068668121268305,0.165839329361916,
69850,,0.081637875917269,0.217701688408852,
69900,,0.099764619181028,0.15484930574894,
69950,,0.093231695900218,0.21249832212925,
70000,0.934356435643564,0.075363761702934,0.143947616219521,0.918910891089109
70050,,0.062495255175506,0.176668435335159,
70100,,0.148549171441795,0.131717577576637,
70150,,0.090298732113492,0.235584080219269,
70200,,0.140439087717726,0.251467615365982,
70250,,0.073396371001582,0.175724148750305,
70300,,0.061997672108625,0.142630577087402,
70350,,0.127187027376654,0.210403174161911,
70400,,0.087524561611106,0.155282065272331,
70450,,0.159746874151149,0.235940024256706,
70500,0.935693069306931,0.102712134112497,0.178293034434319,0.925891089108911
70550,,0.174483628673312,0.148695752024651,
70600,,0.162193543679904,0.10181999951601,
70650,,0.105839612386142,0.213104322552681,
70700,,0.0750246195444,0.17172446846962,
70750,,0.087411319187757,0.115135528147221,
70800,,0.12637083590723,0.255632758140564,
70850,,0.102494646905746,0.249181345105171,
70900,,0.10404239854652,0.294641613960266,
70950,,0.060536488889117,0.214055135846138,
71000,0.93539603960396,0.061066726073271,0.119238778948784,0.917623762376238
71050,,0.139885537445352,0.102998659014702,
71100,,0.100657533062307,0.280341982841492,
71150,,0.073908930683607,0.18782976269722,
71200,,0.060576287037152,0.193846583366394,
71250,,0.100081849297715,0.189257502555847,
71300,,0.134905406758302,0.309993982315063,
71350,,0.175009284590308,0.089774087071419,
71400,,0.044092146997394,0.295348197221756,
71450,,0.099226976028113,0.11256293207407,
71500,0.936188118811881,0.097136202108916,0.0856728926301,0.917871287128713
71550,,0.091826969723611,0.17843933403492,
71600,,0.125822576070143,0.119284078478813,
71650,,0.05671661660192,0.218376711010933,
71700,,0.110959130656646,0.430347859859467,
71750,,0.057973978799496,0.128774851560593,
71800,,0.100690023569439,0.284352898597717,
71850,,0.19240182620834,0.201972752809525,
71900,,0.042844219171389,0.286527931690216,
71950,,0.09014130813096,0.251467883586884,
72000,0.936930693069307,0.128136805321426,0.146965116262436,0.923663366336634
72050,,0.095393959638802,0.157681658864021,
72100,,0.114924613923108,0.208527490496635,
72150,,0.111841906361683,0.23730094730854,
72200,,0.085104942310247,0.195144593715668,
72250,,0.107386631035585,0.175297781825066,
72300,,0.057608039334781,0.2166378647089,
72350,,0.04546597835558,0.320012778043747,
72400,,0.062943792651144,0.209621176123619,
72450,,0.08036913300552,0.098984979093075,
72500,0.93539603960396,0.106167878925734,0.206356659531593,0.931435643564356
72550,,0.055870466412602,0.133543580770493,
72600,,0.11123981374578,0.231692492961884,
72650,,0.071731585770359,0.179701581597328,
72700,,0.079668142803671,0.175172805786133,
72750,,0.069429673979482,0.105013974010944,
72800,,0.058891885641027,0.154986411333084,
72850,,0.078752712095175,0.129282861948013,
72900,,0.120089167431411,0.168893471360207,
72950,,0.108885932249301,0.25323075056076,
73000,0.933861386138614,0.091915065139869,0.195588290691376,0.929504950495049
73050,,0.074677632144523,0.257064700126648,
73100,,0.098018626776423,0.099170252680779,
73150,,0.081646835189423,0.39855095744133,
73200,,0.062435841896716,0.114274546504021,
73250,,0.088699039043987,0.238898679614067,
73300,,0.146965333267727,0.125904411077499,
73350,,0.098263569991773,0.287524342536926,
73400,,0.125070548460561,0.140799522399902,
73450,,0.123060744997755,0.068929463624954,
73500,0.932970297029703,0.101563857597638,0.144215881824493,0.907227722772277
73550,,0.009916596010227,0.214684352278709,
73600,,0.081966285138016,0.321220278739929,
73650,,0.063727252039751,0.182608038187027,
73700,,0.151998785618575,0.162792637944222,
73750,,0.028162233854764,0.129049196839333,
73800,,0.140995582643851,0.258993715047836,
73850,,0.052780678664791,0.226576656103134,
73900,,0.10022428905504,0.216936245560646,
73950,,0.099589246087675,0.334421157836914,
74000,0.933663366336634,0.058002204667506,0.304241925477982,0.915643564356436
74050,,0.067710820438074,0.184538915753365,
74100,,0.097637006996403,0.241041004657745,
74150,,0.120660753060638,0.193705096840858,
74200,,0.060879452794448,0.274711817502975,
74250,,0.027638931143304,0.261498212814331,
74300,,0.080382542866336,0.198109641671181,
74350,,0.135202286979023,0.453655272722244,
74400,,0.143909851209823,0.122469857335091,
74450,,0.137473622396315,0.316504299640656,
74500,0.933861386138614,0.103971382883591,0.330180317163467,0.927425742574257
74550,,0.079485403686354,0.119000390172005,
74600,,0.087158314808931,0.139865964651108,
74650,,0.070215789124876,0.305035293102264,
74700,,0.096487278330752,0.186683654785156,
74750,,0.09774571390831,0.201477780938148,
74800,,0.066289046115843,0.198054239153862,
74850,,0.041300170563491,0.053684450685978,
74900,,0.128843441135807,0.200793340802193,
74950,,0.080705946909027,0.17953659594059,
75000,0.90950495049505,0.103819231713277,0.207132861018181,0.930792079207921
75050,,0.393879330247455,0.132003888487816,
75100,,0.296022247934024,0.169663712382317,
75150,,0.174842418041073,0.204415664076805,
75200,,0.093374923979286,0.071437999606133,
75250,,0.448052067425047,0.13412144780159,
75300,,0.157614684243453,0.17720690369606,
75350,,0.254226133043507,0.232430040836334,
75400,,0.167065602034797,0.201823025941849,
75450,,0.169514168780809,0.206766590476036,
75500,0.929851485148515,0.090642555559019,0.183268129825592,0.932673267326733
75550,,0.158637803396332,0.131271153688431,
75600,,0.069586538855666,0.198852732777596,
75650,,0.134278541720205,0.299263119697571,
75700,,0.042883307961858,0.208085954189301,
75750,,0.077594445949256,0.190863996744156,
75800,,0.119619115125522,0.127580285072327,
75850,,0.126582735195502,0.241147041320801,
75900,,0.096354768453935,0.15626086294651,
75950,,0.05781283094217,0.125735029578209,
76000,0.932277227722772,0.13103279568951,0.205314248800278,0.931881188118812
76050,,0.092264998860006,0.139931976795197,
76100,,0.071427531918588,0.19869028031826,
76150,,0.095440191333315,0.082578137516975,
76200,,0.04436173865362,0.104588709771633,
76250,,0.033651139738046,0.145833790302277,
76300,,0.101212227218575,0.235750123858452,
76350,,0.072251108716605,0.08991027623415,
76400,,0.105148997837742,0.126063376665115,
76450,,0.044873909296387,0.160124316811562,
76500,0.93470297029703,0.123557256323552,0.107523009181023,0.929207920792079
76550,,0.068126054576121,0.203624069690704,
76600,,0.16331002766856,0.140143379569054,
76650,,0.15538895639975,0.110306814312935,
76700,,0.07060699215149,0.054642163217068,
76750,,0.073027661604789,0.171024113893509,
76800,,0.080242331367738,0.502937078475952,
76850,,0.091595607566243,0.16720524430275,
76900,,0.09056198837706,0.265740871429443,
76950,,0.108082209676265,0.229846015572548,
77000,0.934306930693069,0.141179841406035,0.073129490017891,0.931287128712871
77050,,0.088337624677136,0.322202444076538,
77100,,0.129377884847694,0.191423267126083,
77150,,0.076507681733443,0.138507694005966,
77200,,0.105252783597315,0.16921928524971,
77250,,0.111482599784836,0.143831998109818,
77300,,0.098445810196902,0.201197683811188,
77350,,0.089330349635727,0.166448071599007,
77400,,0.089033926887466,0.081061154603958,
77450,,0.107597171446401,0.349378496408463,
77500,0.933415841584158,0.067231598820348,0.164769440889359,0.924158415841584
77550,,0.100242435298192,0.09026550501585,
77600,,0.142858035192286,0.204763054847717,
77650,,0.143089139898369,0.080886729061604,
77700,,0.060077805851156,0.242572963237762,
77750,,0.069333477413413,0.17246600985527,
77800,,0.059803069346584,0.120314121246338,
77850,,0.098509830197522,0.163194358348846,
77900,,0.113210798462355,0.213693022727966,
77950,,0.076777756946789,0.280777245759964,
78000,0.931534653465346,0.113301986986014,0.119228713214397,0.926881188118812
78050,,0.069236861685549,0.256260514259338,
78100,,0.080633203491118,0.076540648937225,
78150,,0.081838753093019,0.149988904595375,
78200,,0.247013118263726,0.173313096165657,
78250,,0.084358639252535,0.242598116397858,
78300,,0.046161171933888,0.295184999704361,
78350,,0.085204075929277,0.108695141971111,
78400,,0.110393212476732,0.16466236114502,
78450,,0.062928345218685,0.119276106357574,
78500,0.930891089108911,0.133606784456443,0.21545098721981,0.92509900990099
78550,,0.096766437737168,0.225687757134438,
78600,,0.03984251179006,0.128834545612335,
78650,,0.134238726419445,0.28507187962532,
78700,,0.178286216793566,0.081204921007156,
78750,,0.095530122550044,0.177433207631111,
78800,,0.030362253438745,0.247029364109039,
78850,,0.133526115689862,0.19333478808403,
78900,,0.122178076918871,0.223298296332359,
78950,,0.086139488616595,0.232218742370605,
79000,0.931534653465346,0.095043467132586,0.122642032802105,0.929653465346535
79050,,0.131660760288191,0.133506074547768,
79100,,0.151902374150972,0.103332072496414,
79150,,0.092983520751154,0.149483725428581,
79200,,0.024884244250911,0.244458138942718,
79250,,0.072891498416925,0.323112666606903,
79300,,0.112594978739432,0.146402329206467,
79350,,0.047352093664893,0.24739396572113,
79400,,0.048933489474363,0.225617319345474,
79450,,0.078818868349872,0.209474980831146,
79500,0.932871287128713,0.036613484777545,0.257473260164261,0.930148514851485
79550,,0.09313688298563,0.248192921280861,
79600,,0.13979211972058,0.13247050344944,
79650,,0.071120430836865,0.102103710174561,
79700,,0.083971554590338,0.12992100417614,
79750,,0.086250217484855,0.200770780444145,
79800,,0.102524535763159,0.243224263191223,
79850,,0.116937798216808,0.160030826926231,
79900,,0.13926799653686,0.131796270608902,
79950,,0.061860332420408,0.162441715598106,
80000,0.933861386138614,0.035213481079977,0.097687035799027,0.924405940594059
80050,,0.13023525077815,0.098169773817062,
80100,,0.096127467718341,0.176042750477791,
80150,,0.140760001315114,0.16317817568779,
80200,,0.016881529278101,0.205966532230377,
80250,,0.069619994233752,0.270024478435516,
80300,,0.074289085895271,0.260345727205276,
80350,,0.061659892863609,0.153559431433678,
80400,,0.080973136609572,0.3013876080513,
80450,,0.099866995604657,0.215427681803703,
80500,0.933861386138614,0.010915145208843,0.158656120300293,0.925544554455446
80550,,0.029472260515003,0.228139042854309,
80600,,0.022377054343121,0.23911052942276,
80650,,0.040097158613092,0.202550262212753,
80700,,0.035784409017245,0.151659443974495,
80750,,0.078116076036645,0.177407652139664,
