i,Accuracy,time,loss
1,0.520940594059406,,
50,,82.57400679588318,0.5941627305784287
100,,83.36418652534485,0.7414517578694112
150,,84.1470992565155,0.7268598494538545
200,,84.91800355911255,0.8672275704422491
250,,85.71457767486572,0.7269606664039273
300,,86.50542902946472,0.7548869866195084
350,,87.29572820663452,0.808281277311432
400,,88.07518315315247,0.8306230822573685
450,,88.86383247375488,0.8968005041720835
500,0.520940594059406,89.73702383041382,0.7384407557238304
550,,169.7014033794403,0.721850952466543
600,,170.5656385421753,0.797490062791038
650,,171.4062147140503,0.8598523713060133
700,,172.24117231369019,0.6890535454507233
750,,173.08334374427795,0.64179028412742
800,,173.86439490318298,0.9067570821731278
850,,174.65872597694397,0.7683305119268876
900,,175.44315195083618,0.8174951268885928
950,,176.22673106193542,0.7482550089535996
1000,0.520940594059406,177.07788348197937,0.5318527429968415
1050,,256.73736119270325,0.8666688158564473
1100,,257.5884795188904,0.724766443112947
1150,,258.45322847366333,0.7500625826969568
1200,,259.28031730651855,0.7943324358223702
1250,,260.1428744792938,0.6561335528151332
1300,,261.0322048664093,0.5953126016518301
1350,,261.8717534542084,0.6106186940430696
1400,,262.6997437477112,0.8269478946623401
1450,,263.512398481369,0.6450823411219876
1500,0.520940594059406,264.3638331890106,0.5555425011805338
1550,,342.9076862335205,0.5457842640771962
1600,,343.70334482192993,0.7654961070327405
1650,,344.57338213920593,0.7379180833960381
1700,,345.4670503139496,0.49648385486469565
1750,,346.30448031425476,0.5502777567665804
1800,,347.0636613368988,0.6839402078031181
1850,,347.82756066322327,0.5300029200561089
1900,,349.0494899749756,0.7301154144061754
1950,,349.82429695129395,0.5916864309960213
2000,0.7275742574257426,350.6007103919983,0.5889920245860631
2050,,429.8262267112732,0.6114684361667458
2100,,430.63645577430725,0.4328382882552632
2150,,431.45942068099976,0.46976558311115313
2200,,432.27271819114685,0.5890211315357018
2250,,433.06746101379395,0.6497702072843691
2300,,433.87132716178894,0.5961184795317179
2350,,434.65949273109436,0.4666559226061811
2400,,435.51117849349976,0.3362868353543322
2450,,436.32618284225464,0.5709447868270295
2500,0.7602475247524753,437.1439678668976,0.39098775331043223
2550,,517.4660296440125,0.38938495564279535
2600,,518.317494392395,0.3762119701723405
2650,,519.2135572433472,0.3662833844374769
2700,,520.0905995368958,0.44835846176813154
2750,,520.900515794754,0.3877954340262035
2800,,521.7314314842224,0.35236295726742656
2850,,522.5338470935822,0.4912808993892035
2900,,523.3237450122833,0.3634049150192692
2950,,524.1055617332458,0.4270895510926767
3000,0.7554455445544555,524.9152443408966,0.25330208593184333
3050,,605.657030582428,0.564073080461359
3100,,606.5363216400146,0.3863839880152186
3150,,607.3752505779266,0.32593554094297267
3200,,608.2579004764557,0.3488204745498173
3250,,609.0767500400543,0.43400843846506953
3300,,609.8874683380127,0.5891281269563029
3350,,610.6849627494812,0.3350337208993038
3400,,611.4899373054504,0.3637058345805131
3450,,612.3393738269806,0.4363908946836066
3500,0.7958910891089109,613.1216039657593,0.4693816953681602
3550,,694.2734227180481,0.4982325632466541
3600,,695.0831909179688,0.3412276786581831
3650,,695.8936331272125,0.3686178189885025
3700,,696.7281200885773,0.412860233121671
3750,,697.9965643882751,0.5621988927563284
3800,,698.8318240642548,0.4111772025598578
3850,,699.6354393959045,0.44301256397779876
3900,,700.4187595844269,0.4305921400779915
3950,,701.1834547519684,0.4747619356053967
4000,0.8302970297029703,702.0251054763794,0.30657959359563797
4050,,781.1018116474152,0.31363128769144943
4100,,781.9384801387787,0.3852080643518954
4150,,782.784764289856,0.3658547671518887
4200,,783.5739686489105,0.3551996023410263
4250,,784.4070899486542,0.3184557867893906
4300,,785.2164902687073,0.3402710062705274
4350,,786.0562508106232,0.19821598134288865
4400,,786.8699069023132,0.29082916238754075
4450,,787.6902277469635,0.16546902509029981
4500,0.8405940594059406,788.5246677398682,0.3670869052509467
4550,,868.944581747055,0.25226949277165533
4600,,869.7876360416412,0.279909716354867
4650,,870.6851344108582,0.37320779768786416
4700,,871.5247485637665,0.3268518229398393
4750,,872.3853960037231,0.34215107934281114
4800,,873.2539312839508,0.28089705973821666
4850,,874.0913355350494,0.2254755797933032
4900,,874.9488444328308,0.2632245570696851
4950,,875.7648160457611,0.2911373071721411
5000,0.8249009900990099,876.5354192256927,0.2830861031260043
5050,,957.6737234592438,0.3074249360969227
5100,,958.48122215271,0.334395991126538
5150,,959.3091564178467,0.3983563979789098
5200,,960.1648163795471,0.3377879079964741
5250,,960.9920897483826,0.2023947874026917
5300,,961.8435454368591,0.2745337876440557
5350,,962.6703836917877,0.23680306222151676
5400,,963.5171468257904,0.21266772284010013
5450,,964.3792843818665,0.16267952777555134
5500,0.8701980198019802,965.2062640190125,0.30779250082095105
5550,,1046.0064597129822,0.21002376862056024
5600,,1046.8244285583496,0.33417397190873827
5650,,1047.6443214416504,0.2205381449228583
5700,,1048.4741072654724,0.26709925471162976
5750,,1049.2999904155731,0.2245446573367195
5800,,1050.118103504181,0.45179115817731835
5850,,1050.9464402198792,0.20253081768520137
5900,,1051.7255597114563,0.3747854682729019
5950,,1052.5542724132538,0.25656737353232717
6000,0.9075247524752476,1053.3544521331787,0.32870042124331195
6050,,1134.733925819397,0.1840919340535954
6100,,1135.4947803020477,0.15340967215676285
6150,,1136.2856216430664,0.21491732539947617
6200,,1137.1026375293732,0.13840472085655509
6250,,1137.9132778644562,0.3194287842475844
6300,,1138.6979949474335,0.25215913833321796
6350,,1139.5331621170044,0.22966889605133903
6400,,1140.3386409282684,0.20176253744371553
6450,,1141.1399779319763,0.22932406804294875
6500,0.93,1141.9652307033539,0.12165118948061915
6550,,1221.5577976703644,0.22357224694642544
6600,,1222.3219335079193,0.24190905336938706
6650,,1223.1499783992767,0.1710297795382232
6700,,1223.958444595337,0.2381040553365385
6750,,1224.7720429897308,0.28731382139152933
6800,,1225.5846242904663,0.14318350997709772
6850,,1226.398636341095,0.3686030109047502
6900,,1227.2273411750793,0.10771312463595743
6950,,1228.034607410431,0.2454046620992801
7000,0.920940594059406,1228.8509285449982,0.22474233284755418
7050,,1310.1148159503937,0.10144398792036873
7100,,1310.8434381484985,0.34396906570783786
7150,,1311.6831905841827,0.1869293080672155
7200,,1312.4284954071045,0.36376017691359996
7250,,1313.2245841026306,0.14802082918916398
7300,,1313.9960415363312,0.1433472346738021
7350,,1314.794944524765,0.13957877344857572
7400,,1315.5930383205414,0.26771834991441584
7450,,1316.3477494716644,0.19713074428460897
7500,0.8914851485148515,1317.1272990703583,0.17231067126184782
7550,,1397.056431055069,0.317795558257944
7600,,1397.860467672348,0.33645260655592885
7650,,1398.6274774074554,0.2955912335765124
7700,,1399.4203102588654,0.10754502382132641
7750,,1400.2148320674896,0.18133700843054107
7800,,1401.025399684906,0.13925922107629013
7850,,1401.8062930107117,0.11325857412633163
7900,,1402.6104185581207,0.2756380497145671
7950,,1403.4101355075836,0.19647296598020944
8000,0.9347524752475248,1404.2159798145294,0.12183748757353233
8050,,1485.8414521217346,0.14514995240325176
8100,,1486.6471972465515,0.17075976562780132
8150,,1487.4540481567383,0.1529183106996121
8200,,1488.2833621501923,0.0795897547708041
8250,,1489.052882194519,0.08737915946444369
8300,,1489.834838628769,0.23608236671323657
8350,,1490.6167607307434,0.1874478510365344
8400,,1491.4056134223938,0.21102809575686837
8450,,1492.2430284023285,0.17865912015880578
8500,0.8767821782178218,1493.0557606220245,0.3839482050742864
8550,,1573.7815940380096,0.13214607084762411
8600,,1574.5811202526093,0.18391235360171143
8650,,1575.349958896637,0.20542581516408676
8700,,1576.1313199996948,0.3114199596941007
8750,,1577.398670911789,0.22549007004060925
8800,,1578.1556496620178,0.22072681596728155
8850,,1578.9659116268158,0.10199022483386398
8900,,1579.7219731807709,0.13115486180368563
8950,,1580.490202665329,0.24994370136194066
9000,0.9295049504950496,1581.275717496872,0.16416168451269816
9050,,1661.810141324997,0.1290945955546675
9100,,1662.59503698349,0.13711334526218089
9150,,1663.403305053711,0.1182923304266263
9200,,1664.1929171085358,0.12388454542728583
9250,,1665.0080513954163,0.1065294997174614
9300,,1665.816020488739,0.16284952327701363
9350,,1666.6470293998718,0.09505615766365634
9400,,1667.458886384964,0.16899477601137583
9450,,1668.2890315055847,0.1566045595039377
9500,0.9330198019801981,1669.0984778404236,0.12123837355231384
9550,,1749.8607976436615,0.10934837392205772
9600,,1750.682029724121,0.21179724238642703
9650,,1751.4903028011322,0.14490571579571404
9700,,1752.3263943195343,0.17710880795553746
9750,,1753.1178195476532,0.2339621292268079
9800,,1753.973953485489,0.1425235245816088
9850,,1754.8325626850128,0.1300213306507172
9900,,1755.704660654068,0.18981705519680114
9950,,1756.5459351539612,0.18177236032031185
10000,0.9324257425742575,1757.385726928711,0.2661914827155292
10050,,1838.3428914546967,0.08645948062301859
10100,,1839.2036583423615,0.07743995810450464
10150,,1840.0353643894196,0.024901831363601558
10200,,1840.8818359375,0.0044248916925979966
10250,,1841.6945769786835,0.2004681836148561
10300,,1842.5333738327026,0.1147873088826098
10350,,1843.3348100185394,0.11642249315057614
10400,,1844.1682393550873,0.262391827530935
10450,,1844.9854152202606,0.10681202155783681
10500,0.93,1845.7845811843872,0.14560469938629142
10550,,1926.6592588424683,0.0732595705947409
10600,,1927.447640657425,0.31203493157324647
10650,,1928.2783753871918,0.034051869663436034
10700,,1929.0918147563934,0.188222270875203
10750,,1929.9349932670593,0.03663273101970703
10800,,1930.7763533592224,0.0827964529236192
10850,,1931.6079549789429,0.03475992604961471
10900,,1932.3868265151978,0.08887076366238665
10950,,1933.192952632904,0.115732461260647
11000,0.935990099009901,1933.9885516166687,0.08129735763849923
11050,,2015.0287742614746,0.19035179287417528
11100,,2015.8244802951813,0.09499481409508659
11150,,2016.6487729549408,0.14329841169349725
11200,,2017.4328339099884,0.2731014510154453
11250,,2018.2508778572083,0.10164955470679331
11300,,2019.1655757427216,0.1332815561399094
11350,,2019.949785709381,0.20339881509202543
11400,,2020.7265791893005,0.2550268847491421
11450,,2021.5524065494537,0.2231816826651619
11500,0.9231188118811882,2022.394166469574,0.09555326068276963
11550,,2103.00705742836,0.11537311307933569
11600,,2103.8224470615387,0.07567725291736954
11650,,2104.622544527054,0.08273195475458345
11700,,2105.410885334015,0.09586896490407479
11750,,2106.216992378235,0.026869244699153243
11800,,2107.0014476776123,0.2769148039584014
11850,,2107.819036960602,0.052764676499859234
11900,,2108.640310049057,0.2805231774403552
11950,,2109.4470632076263,0.1173424873924913
12000,0.9176237623762377,2110.2134387493134,0.1916553466937154
12050,,2189.285255432129,0.09051218202158755
12100,,2190.059595823288,0.1899971212811474
12150,,2190.8220014572144,0.06724751975014608
12200,,2191.6249601840973,0.21740533886306498
12250,,2192.5084416866302,0.11782542059373079
12300,,2193.360860824585,0.08911963632663852
12350,,2194.1697266101837,0.15442734295174648
12400,,2194.9507546424866,0.16593323258085685
12450,,2195.723408460617,0.07603640838347873
12500,0.9344059405940595,2197.022869825363,0.07712224760307498
12550,,2277.4240396022797,0.054717069879090585
12600,,2278.2825968265533,0.10094031854018999
12650,,2279.0789270401,0.21782394178874964
12700,,2279.8726575374603,0.1542099287681755
12750,,2280.7032079696655,0.11790968433263478
12800,,2281.493057489395,0.12814907259746336
12850,,2282.3157880306244,0.15080573438258862
12900,,2283.1168880462646,0.1727172745054375
12950,,2283.936588525772,0.04398922190038715
13000,0.9334653465346535,2284.7868943214417,0.10891319053367646
13050,,2365.6412949562073,0.20114193271031308
13100,,2366.506888628006,0.09584435100687326
13150,,2367.3387014865875,0.0989877257292577
13200,,2368.1351528167725,0.20992565163365526
13250,,2368.942034006119,0.10925212560161342
13300,,2369.7416548728943,0.12360570352881442
13350,,2370.5662546157837,0.08941853774306818
13400,,2371.3738675117493,0.06721790728100586
13450,,2372.217657327652,0.06221273024539432
13500,0.9310891089108911,2373.0343039035797,0.014368775407811573
13550,,2453.8314576148987,0.037166516875457495
13600,,2454.664947986603,0.09417321213839756
13650,,2455.4931375980377,0.21635369353393463
13700,,2456.272280693054,0.1928200340666192
13750,,2457.102251291275,0.060494438154796944
13800,,2457.9041476249695,0.19282053360718707
13850,,2458.721602201462,0.1158935287047887
13900,,2459.553303003311,0.10995375420509093
13950,,2460.434027194977,0.14703383940130618
14000,0.9323267326732674,2461.2115564346313,0.19380867521535206
14050,,2541.5134601593018,0.06774218840810135
14100,,2542.346828222275,0.11697728304827319
14150,,2543.143046617508,0.11407497677028504
14200,,2543.9625844955444,0.048652997082584255
14250,,2544.7347288131714,0.2401604798920961
14300,,2545.5430250167847,0.12450426005089402
14350,,2546.330906391144,0.17042301443303912
14400,,2547.157609939575,0.15226503239324157
14450,,2547.9936451911926,0.14397226669638746
14500,0.9094059405940594,2548.925506591797,0.19040570908151036
14550,,2629.2963597774506,0.18061061742998064
14600,,2630.102378845215,0.26815526816364316
14650,,2630.9193131923676,0.14826033539529818
14700,,2631.738926410675,0.059319478480408847
14750,,2632.566679954529,0.14785238764791708
14800,,2633.399594783783,0.07467938169953663
14850,,2634.2632780075073,0.04267864090665329
14900,,2635.097418785095,0.054513601206194987
14950,,2635.8656270504,0.23097418345242193
15000,0.933960396039604,2636.718618631363,0.06215066840128322
15050,,2716.9664690494537,0.11571705624142627
15100,,2717.8662781715393,0.05691683047663445
15150,,2718.7439424991608,0.16461940741332462
15200,,2719.599418401718,0.10398174359267767
15250,,2720.458728313446,0.0809076812320261
15300,,2721.3129682540894,0.1419816386064664
15350,,2722.1262271404266,0.15258319077458943
15400,,2722.940153360367,0.06479627838384722
15450,,2723.718043088913,0.15607487753528773
15500,0.931930693069307,2724.5703735351562,0.16601894143851126
15550,,2805.3329734802246,0.15039042947380085
15600,,2806.1303176879883,0.1110574062941019
15650,,2806.9204535484314,0.11014944071103974
15700,,2807.717629432678,0.08870794555494468
15750,,2808.539439678192,0.08130819020774402
15800,,2809.3704249858856,0.08145831368503681
15850,,2810.199243545532,0.06518646557766457
15900,,2810.958482027054,0.28341742497288985
15950,,2811.784806728363,0.12360292334169122
16000,0.9335148514851486,2812.6159937381744,0.10372794616422802
16050,,2893.9066421985626,0.04552655752967125
16100,,2894.7224707603455,0.10516790423926892
16150,,2895.541745901108,0.07180779689931394
16200,,2896.3197026252747,0.21969361440006
16250,,2897.1880683898926,0.06002864532870076
16300,,2898.007162094116,0.10044055541986736
16350,,2898.7612359523773,0.17015565815836875
16400,,2899.576224565506,0.12006539659143504
16450,,2900.3624997138977,0.16531283862407925
16500,0.9355445544554456,2901.1667382717133,0.17524782105165593
16550,,2981.5755364894867,0.09266144505414634
16600,,2982.378753185272,0.22520157696892426
16650,,2983.1568055152893,0.13946118983158115
16700,,2983.908666610718,0.18873061360896407
16750,,2984.7108252048492,0.10727765326616585
16800,,2985.481030702591,0.244913785990501
16850,,2986.3017790317535,0.0670948440754357
16900,,2987.100844144821,0.11977531784266571
16950,,2987.898447036743,0.11272977283231893
17000,0.9337128712871288,2988.696264028549,0.11777450292803847
17050,,3068.800063610077,0.07769355265361404
17100,,3069.6014425754547,0.12033960837399528
17150,,3070.4986391067505,0.07473063438997546
17200,,3071.329253435135,0.11934881306003776
17250,,3072.154270887375,0.0851318513524197
17300,,3072.9865016937256,0.10637773503211052
17350,,3073.811986207962,0.152532121875232
17400,,3074.62429189682,0.07704103306805886
17450,,3075.488659143448,0.04552473607658346
17500,0.9295544554455446,3076.3107693195343,0.09839580070703914
17550,,3158.097706079483,0.10690559552793064
17600,,3158.8948435783386,0.11823703363886474
17650,,3159.6823139190674,0.09038972414097528
17700,,3160.53545999527,0.17534943668633007
17750,,3161.365177631378,0.10631104948393569
17800,,3162.1311275959015,0.2842320744636275
17850,,3162.962382078171,0.0942347546048766
17900,,3163.7655956745148,0.19587867708862497
17950,,3164.5580966472626,0.10249780498172627
18000,0.9336633663366337,3165.3455832004547,0.16660772327672788
18050,,3245.4971117973328,0.12872355037860742
18100,,3246.266005039215,0.2266688716876984
18150,,3247.0662438869476,0.18328356076269636
18200,,3247.8885667324066,0.11290704342753466
18250,,3248.7000193595886,0.0847005668584449
18300,,3249.5340678691864,0.03999264082490847
18350,,3250.3448193073273,0.024635042336469258
18400,,3251.119446516037,0.1448139936583868
18450,,3251.94274353981,0.0940718618005166
18500,0.9321782178217822,3252.74866437912,0.1709820083630873
18550,,3333.282617330551,0.10590041289427475
18600,,3334.1137657165527,0.10898803126109141
18650,,3334.9133372306824,0.0846227640409427
18700,,3335.6956861019135,0.1129757910262283
18750,,3336.5281126499176,0.15178335317829078
18800,,3337.362330675125,0.07157029775147451
18850,,3338.1919589042664,0.055210034129419244
18900,,3338.9920012950897,0.09449191713811039
18950,,3339.7553799152374,0.0988486165600262
19000,0.9332673267326733,3340.5526621341705,0.14485305757529496
19050,,3419.60302734375,0.07054079288611145
19100,,3420.4031846523285,0.04264403895360396
19150,,3421.177169561386,0.11554652124700875
19200,,3421.97779917717,0.15760081331711595
19250,,3422.7977344989777,0.08797958773890625
19300,,3423.620059967041,0.03404991347517364
19350,,3424.441159963608,0.053011935510342695
19400,,3425.2324430942535,0.0799689035323715
19450,,3426.018078327179,0.06739172863941806
19500,0.9366336633663367,3426.804596424103,0.1388459753655177
19550,,3506.25261926651,0.22273895085425577
19600,,3507.07626581192,0.2100029898610407
19650,,3507.9392726421356,0.07359437018350415
19700,,3508.7164244651794,0.15389879221733663
19750,,3509.5575189590454,0.060189202777415324
19800,,3510.329486846924,0.13054734540832427
19850,,3511.147691011429,0.1867704701389113
19900,,3511.9624605178833,0.11349654761498756
19950,,3512.7908115386963,0.07830343885267867
20000,0.931980198019802,3513.5806279182434,0.20148148907302324
20050,,3594.5374846458435,0.07703069550502013
20100,,3595.4340908527374,0.17047344383643023
20150,,3596.32297873497,0.12375821643862527
20200,,3597.1944234371185,0.15348499032283047
20250,,3598.0674264431,0.27220392986562164
20300,,3598.9631457328796,0.09994445088137459
20350,,3599.8226928710938,0.11535955323199282
20400,,3600.607439994812,0.10988058092752412
20450,,3601.390787601471,0.2496455830682006
20500,0.9355940594059406,3602.181812286377,0.16051769198733454
20550,,3683.1646580696106,0.11536210559408536
20600,,3684.0634603500366,0.11640894746998058
20650,,3684.929787158966,0.12384379089790729
20700,,3685.7319235801697,0.17276054995244652
20750,,3686.555469274521,0.05021767700101194
20800,,3687.3816187381744,0.11425656086461394
20850,,3688.155972957611,0.0904112380963387
20900,,3688.981110572815,0.05148761626653519
20950,,3689.812772989273,0.08573735805174794
21000,0.932970297029703,3690.6309638023376,0.14482920181698705
21050,,3772.413201570511,0.03729811835289236
21100,,3773.2666029930115,0.17371924968264146
21150,,3774.1270456314087,0.10888051654559584
21200,,3774.9800577163696,0.14093593754871944
21250,,3775.780905485153,0.1524625446311017
21300,,3776.561229944229,0.12745184542618263
21350,,3777.3991453647614,0.13197971863582791
21400,,3778.1966848373413,0.07341430119559704
21450,,3779.0422554016113,0.12433137952342505
21500,0.9327227722772278,3779.871489048004,0.10471904297362399
21550,,3861.0453691482544,0.08093013899936384
21600,,3861.8502626419067,0.15267585891214788
21650,,3862.752539396286,0.08791159834286462
21700,,3863.654550552368,0.10665816287839065
21750,,3864.548926591873,0.14830475563406678
21800,,3865.4186506271362,0.14681356156600459
21850,,3866.3359065055847,0.09171922852015936
21900,,3867.254130601883,0.08663357565779045
21950,,3868.065731525421,0.26513746840417446
22000,0.9337623762376238,3868.919253587723,0.17080419377453718
22050,,3950.399856567383,0.07449533254221138
22100,,3951.235937833786,0.03971634361996204
22150,,3952.064348220825,0.13622535203119734
22200,,3952.887221813202,0.11717336631740169
22250,,3953.6911704540253,0.12581146830825088
22300,,3954.480131626129,0.0638705445299687
22350,,3955.288157224655,0.08711672359324721
22400,,3956.0938425064087,0.04592781958028677
22450,,3956.9389069080353,0.0643324328010783
22500,0.9345049504950496,3957.7413392066956,0.15362065552122053
22550,,4038.519066810608,0.07022032314284075
22600,,4039.289436340332,0.1869229317687315
22650,,4040.1188266277313,0.04120249137852799
22700,,4040.9071321487427,0.03147122909062918
22750,,4041.784292936325,0.03635720008779652
22800,,4042.630854845047,0.16686702301153816
22850,,4043.4535796642303,0.16356905315065787
22900,,4044.2826302051544,0.09899957155592597
22950,,4045.121784925461,0.10707153822746916
23000,0.9347029702970298,4045.9153542518616,0.17124844930455757
23050,,4126.61280632019,0.0747741237966088
23100,,4127.477524280548,0.03419901719932652
23150,,4128.291633844376,0.05217304183401453
23200,,4129.119928359985,0.08765934604266834
23250,,4129.938056468964,0.20148153269338023
23300,,4130.7498915195465,0.10403604910010449
23350,,4131.547996520996,0.09363807109814959
23400,,4132.392693042755,0.04346747781564751
23450,,4133.231104850769,0.08058383915293409
23500,0.935,4134.095860242844,0.13993249504794975
23550,,4214.744111061096,0.09562139508210411
23600,,4215.551787137985,0.056588462367047045
23650,,4216.364239692688,0.09477633648978147
23700,,4217.162545442581,0.1403091419143818
23750,,4218.01779460907,0.03799967658997297
23800,,4218.825501203537,0.1727639600491958
23850,,4219.604020118713,0.17170866640387789
23900,,4220.462579727173,0.12213829250375681
23950,,4221.239797830582,0.145816976304187
24000,0.9241584158415842,4222.057105064392,0.27936168739539957
24050,,4301.834318161011,0.1493828886325996
24100,,4302.647221803665,0.16242307847491572
24150,,4303.462161064148,0.08841384715137279
24200,,4304.797901391983,0.19348185179167782
24250,,4305.59657740593,0.05955135657713247
24300,,4306.384539842606,0.14416744625344713
24350,,4307.192530632019,0.08230253044959232
24400,,4308.008133172989,0.07766550066982685
24450,,4308.821736574173,0.05448008178733725
24500,0.9328217821782179,4309.580140352249,0.19038604218625566
24550,,4389.416793107986,0.17777708346193644
24600,,4390.255985498428,0.13614981256539788
24650,,4391.07522559166,0.12566267729358338
24700,,4391.942412376404,0.20415568283010066
24750,,4392.744873285294,0.3361718011853319
24800,,4393.569257974625,0.09851613063010191
24850,,4394.376629114151,0.09577777927808166
24900,,4395.196456193924,0.12752501757783405
24950,,4395.981026887894,0.10638548435689284
25000,0.9363861386138614,4396.804247617722,0.07845342441847163
25050,,4478.126117229462,0.1079835706075295
25100,,4478.900070428848,0.09879163179683145
25150,,4479.7145874500275,0.12462195435613468
25200,,4480.540974140167,0.05108565592064611
25250,,4481.334000587463,0.12607274562869772
25300,,4482.142882823944,0.14986053963585996
25350,,4482.9638085365295,0.1451229810172129
25400,,4483.787431716919,0.03602191948373837
25450,,4484.567814588547,0.1494842394069791
25500,0.9272772277227723,4485.3766412734985,0.16720149089302455
25550,,4565.897882699966,0.23198825568883927
25600,,4566.70085644722,0.14971128515905385
25650,,4567.604164123535,0.06623356360633617
25700,,4568.412569999695,0.12207503247839334
25750,,4569.763380527496,0.19197214116448677
25800,,4570.552311182022,0.07828234957970348
25850,,4571.3266706466675,0.1304073844355173
25900,,4572.0927734375,0.12973471409177387
25950,,4572.910093307495,0.06813054736633777
26000,0.932920792079208,4573.708189249039,0.054661566970517994
26050,,4654.649438619614,0.02640538818654221
26100,,4655.477475404739,0.021137832335034527
26150,,4656.2654638290405,0.1007820049103644
26200,,4657.046812772751,0.15572375626584756
26250,,4657.847623348236,0.11227090792944198
26300,,4658.6559998989105,0.09173887523058749
26350,,4659.514287948608,0.09983531919606811
26400,,4660.318129777908,0.11357104522458342
26450,,4661.146540403366,0.04284298007631694
26500,0.9328217821782179,4661.949822902679,0.0714759952111491
26550,,4743.816154241562,0.15133945046056302
26600,,4744.685122251511,0.0952762720113694
26650,,4745.578115940094,0.13097729275836945
26700,,4746.502452135086,0.0431230565842464
26750,,4747.337389230728,0.0805572260507801
26800,,4748.239360570908,0.12510353773241614
26850,,4749.114070653915,0.1270189637523846
26900,,4749.986057519913,0.1555952259412128
26950,,4750.812603473663,0.09098237334357263
27000,0.9363861386138614,4751.642541408539,0.10512837501305627
27050,,4831.462210178375,0.11788304121351334
27100,,4832.251515388489,0.11637895002252935
27150,,4833.07577252388,0.14999355351802007
27200,,4833.928853273392,0.07748797157204912
27250,,4834.731006145477,0.13728903689682415
27300,,4835.548159837723,0.15039384269586054
27350,,4836.922919034958,0.13278879001877722
27400,,4837.736220598221,0.11989423751640645
27450,,4838.539611816406,0.11755257054389043
27500,0.9352970297029704,4839.344928264618,0.06414092218145981
27550,,4920.55309677124,0.06754782257461554
27600,,4921.357726097107,0.1002991692870156
27650,,4922.142656087875,0.037811871883313225
27700,,4922.891909360886,0.15040341089322842
27750,,4923.727783203125,0.06018159377486503
27800,,4924.566218852997,0.1788524247420328
27850,,4925.381473779678,0.126540874853924
27900,,4926.244894504547,0.10140911596638405
27950,,4927.111238479614,0.12710058087008966
28000,0.9368316831683169,4927.931122779846,0.15990716159742402
28050,,5008.711753368378,0.02815681921695588
28100,,5009.529936313629,0.1447151035894648
28150,,5010.323143959045,0.08318758612453159
28200,,5011.156655550003,0.15868010839120136
28250,,5011.92312836647,0.1534205196292647
28300,,5012.7149839401245,0.10959198968429419
28350,,5013.5164630413055,0.10479863569931246
28400,,5014.3530514240265,0.06485167461787075
28450,,5015.101037740707,0.18041414347844575
28500,0.9335148514851486,5015.916729211807,0.0819696038750737
28550,,5095.809375524521,0.17070986162359067
28600,,5096.59386920929,0.08418734597544612
28650,,5097.391626834869,0.10733460258744626
28700,,5098.221191883087,0.031831697516935716
28750,,5099.016795158386,0.0776752296476238
28800,,5099.84988451004,0.014346798923754303
28850,,5100.6235065460205,0.14893836175276984
28900,,5101.415191411972,0.0894930760831735
28950,,5102.185220718384,0.09024624429816297
29000,0.9330198019801981,5103.567592859268,0.0741953033840014
29050,,5184.856587171555,0.03882610681187027
29100,,5185.68345284462,0.1172862237184753
29150,,5186.50957775116,0.1578217594476383
29200,,5187.293312072754,0.17432093487997913
29250,,5188.0938148498535,0.10574081227583441
29300,,5188.902511358261,0.12008849420787739
29350,,5189.696291685104,0.12540384001910407
29400,,5190.517529010773,0.07853673341451159
29450,,5191.334505558014,0.14412805077152288
29500,0.9330198019801981,5192.110223770142,0.18043283371040084
29550,,5273.570773363113,0.09245823768403577
29600,,5274.449934720993,0.13013623629339566
29650,,5275.302896499634,0.04806946496072689
29700,,5276.1279673576355,0.3079847435306904
29750,,5276.963590145111,0.0537351619366057
29800,,5277.778468608856,0.1092490034669051
29850,,5278.531286716461,0.21309923305868106
29900,,5279.345994949341,0.06546930216803411
29950,,5280.156990766525,0.0803123973602465
30000,0.9317326732673268,5280.949096441269,0.11549169332710844
30050,,5361.942732095718,0.11180554626963714
30100,,5362.764058351517,0.33160254084932644
30150,,5363.597857475281,0.13984176639928925
30200,,5364.35555267334,0.09453589210134213
30250,,5365.138673782349,0.25579690302081387
30300,,5365.915760278702,0.1394294367497135
30350,,5367.319599866867,0.14622335871895553
30400,,5368.129669427872,0.11069183740803659
30450,,5368.935001373291,0.10895264552746657
30500,0.928960396039604,5369.73667049408,0.09869625379220913
30550,,5450.904622793198,0.015216418732674437
30600,,5451.755992412567,0.04718998660895459
30650,,5452.577327251434,0.21659851682766681
30700,,5453.371242284775,0.15002426586237572
30750,,5454.230596542358,0.05626395690884148
30800,,5454.998215675354,0.10931785725392647
30850,,5455.814866065979,0.14094215298153315
30900,,5456.627150297165,0.22694084889389912
30950,,5457.453821897507,0.0578859687457015
31000,0.9330693069306931,5458.257311344147,0.19115457403868905
31050,,5541.081917762756,0.13819374992704916
31100,,5541.901400566101,0.08816885462230882
31150,,5542.759825706482,0.05349328066861391
31200,,5543.612787485123,0.09550405131272095
31250,,5544.418602705002,0.18203802944198158
31300,,5545.284781932831,0.07385443349935276
31350,,5546.091889619827,0.10534632222702647
31400,,5546.906531572342,0.12336716487035815
31450,,5547.715449333191,0.11438492678865977
31500,0.9343564356435644,5548.518335342407,0.12570402335032005
31550,,5631.153956651688,0.1183441943157831
31600,,5631.98757314682,0.10346572269629428
31650,,5632.765249490738,0.0909440319429524
31700,,5633.608959913254,0.06739467430330709
31750,,5634.365910291672,0.1673676420963491
31800,,5635.180865287781,0.17251173956737648
31850,,5635.97248506546,0.12458355180725869
31900,,5636.826308727264,0.1067675621047835
31950,,5637.621083498001,0.0968997390522542
32000,0.9360396039603961,5638.412677764893,0.13109412579032553
32050,,5719.5143320560455,0.15903792817734907
32100,,5720.372499227524,0.05986285526174123
32150,,5721.210075378418,0.14313721833578022
32200,,5722.043070554733,0.07986126676561542
32250,,5722.870569467545,0.08289866181332775
32300,,5723.683738946915,0.09754715172748904
32350,,5724.490132808685,0.14878335729254233
32400,,5725.346513032913,0.10679763099908639
32450,,5726.22110080719,0.06280844343839442
32500,0.9368811881188119,5727.017268896103,0.13658660151250795
32550,,5808.259847164154,0.12152019883008677
32600,,5809.0669202804565,0.14111770870932988
32650,,5809.834602832794,0.1357513826964429
32700,,5811.228888750076,0.06719450677084375
32750,,5812.040536642075,0.08649800608583509
32800,,5812.876779317856,0.10831293061039025
32850,,5813.685817718506,0.14703757222166444
32900,,5814.513414859772,0.11343331664224421
32950,,5815.315012693405,0.10799975273229862
33000,0.9327227722772278,5816.05841088295,0.1273606435043445
33050,,5896.680147886276,0.11572701716172709
33100,,5897.473929166794,0.09542806487072111
33150,,5898.289953947067,0.12514345560932558
33200,,5899.133318424225,0.11471489819314488
33250,,5899.991459369659,0.05261515381096125
33300,,5900.8212559223175,0.07362356416583077
33350,,5901.6008541584015,0.09667164625500156
33400,,5902.393082380295,0.1700701552710753
33450,,5903.255431890488,0.1082088044110137
33500,0.9341089108910892,5904.081232309341,0.04636532902009233
33550,,5984.003674983978,0.07983712805216149
33600,,5984.773814439774,0.1294390051792859
33650,,5985.553409337997,0.11553639149449324
33700,,5986.33166718483,0.13499504205323343
33750,,5987.13521194458,0.13865123760985898
33800,,5987.9369151592255,0.10660816112008367
33850,,5988.785591363907,0.016350520850067763
33900,,5989.56919503212,0.14064790672478092
33950,,5990.398158073425,0.13181547665273105
34000,0.9346534653465347,5991.1884751319885,0.16696713830400142
34050,,6069.991228342056,0.08026289401652947
34100,,6070.801453590393,0.13092086896439922
34150,,6072.260099172592,0.07789357516763382
34200,,6073.066832780838,0.151080605013888
34250,,6073.955049753189,0.055041521858847024
34300,,6074.79073548317,0.13706381913321544
34350,,6075.602311372757,0.11350483542416347
34400,,6076.419478654861,0.07757328831426505
34450,,6077.233898639679,0.15204226154253234
34500,0.936980198019802,6078.0725338459015,0.08266222002599019
34550,,6158.6994507312775,0.029868005489033254
34600,,6159.45929312706,0.12129162879554237
34650,,6160.313190937042,0.07210505546235046
34700,,6161.1612248420715,0.0691833451126252
34750,,6161.960759878159,0.11193022315169995
34800,,6162.794385433197,0.08583780791553741
34850,,6163.611794948578,0.05846761222330623
34900,,6164.392052412033,0.08558407907254562
34950,,6165.1795036792755,0.05028193698220943
35000,0.9363861386138614,6165.971904039383,0.04117537857345084
35050,,6245.9909110069275,0.07910097993303392
35100,,6246.813721895218,0.13618365893630066
35150,,6247.607786417007,0.0948096949732229
35200,,6248.425577163696,0.04876018001800447
35250,,6249.2266182899475,0.12178765989573978
35300,,6250.006466150284,0.10793934518282074
35350,,6250.8013479709625,0.08092519669274009
35400,,6251.610922574997,0.11243509220127168
35450,,6252.400271654129,0.03629199494953987
35500,0.9356930693069307,6253.2384152412415,0.043500898549482
35550,,6333.756155967712,0.05942153939732228
35600,,6334.561278581619,0.15399567054830057
35650,,6335.352916240692,0.12636604118647093
35700,,6336.152326822281,0.09252077961101131
35750,,6336.938312530518,0.09989387018891557
35800,,6337.765674352646,0.1783557146027207
35850,,6338.538532495499,0.2160468837207617
35900,,6339.291577100754,0.10890338827582449
35950,,6340.112030744553,0.1864844682657921
36000,0.9045049504950495,6340.938700675964,0.13721353848631013
36050,,6421.5790231227875,0.16909615153753216
36100,,6422.434502363205,0.12233160846065978
36150,,6423.226134300232,0.08772955260626195
36200,,6424.000324249268,0.10245770673245373
36250,,6424.760360479355,0.15857576958581954
36300,,6425.5753009319305,0.05980212690635905
36350,,6426.384867191315,0.16546100284936976
36400,,6427.1780564785,0.10822607416317295
36450,,6427.955388307571,0.04594665379728419
36500,0.931980198019802,6428.711177110672,0.13212304368288585
36550,,6507.66562461853,0.10892028842485259
36600,,6508.467339992523,0.13366215755025007
36650,,6509.267809867859,0.22083861660160434
36700,,6510.679153680801,0.14290045851391747
36750,,6511.522527217865,0.0638632263302066
36800,,6512.320535898209,0.10484718198628976
36850,,6513.083861589432,0.10842334759221627
36900,,6513.8931086063385,0.11740517947440125
36950,,6514.70602107048,0.06548933788398079
37000,0.9337623762376238,6515.503488063812,0.034805425352183485
37050,,6595.792206525803,0.13996899703292642
37100,,6596.6841340065,0.0844555597832044
37150,,6597.543803453445,0.06554893286375649
37200,,6598.39604473114,0.0759014728018611
37250,,6599.276926994324,0.043022193316853787
37300,,6600.185410499573,0.06888127988889882
37350,,6601.028223514557,0.16216128686309436
37400,,6601.83726644516,0.08419396800125765
37450,,6602.654258966446,0.06951540676481839
37500,0.9334653465346535,6603.512989521027,0.05171573379021839
37550,,6684.3928236961365,0.05840384469656119
37600,,6685.2795515060425,0.03138608265591746
37650,,6686.1204080581665,0.05902899114972464
37700,,6686.8933482170105,0.1690587688356887
37750,,6687.720661640167,0.08063096583002237
37800,,6688.523197174072,0.08827703770990109
37850,,6689.3235104084015,0.18681627113661212
37900,,6690.140195131302,0.025442077999297902
37950,,6690.926876068115,0.07768622087024286
38000,0.9365841584158416,6691.7451322078705,0.08312326123474893
38050,,6772.4257044792175,0.0776414337326164
38100,,6773.245968818665,0.13274273970778652
38150,,6774.062459468842,0.04967474739505417
38200,,6774.871294975281,0.09956776359236937
38250,,6775.705106496811,0.1074691060653958
38300,,6776.485542535782,0.07256173683749677
38350,,6777.9280433654785,0.09278276272747654
38400,,6778.748392820358,0.06572774443751324
38450,,6779.540619134903,0.06915830775824801
38500,0.9346039603960397,6780.3730635643005,0.061149113080115496
38550,,6861.872258424759,0.05839398203494853
38600,,6862.72927236557,0.1124997905493165
38650,,6863.588381528854,0.1158312876507553
38700,,6864.395094633102,0.10305830890081519
38750,,6865.223308801651,0.09870670232308193
38800,,6866.06613779068,0.06328387832774891
38850,,6866.901034832001,0.015101688012824434
38900,,6867.677846193314,0.22096060600924777
38950,,6868.540975809097,0.10652141610827577
39000,0.9333663366336634,6869.375624656677,0.08325435630229769
39050,,6950.885298252106,0.10746564798704274
39100,,6951.67902970314,0.12419879195469619
39150,,6952.466399908066,0.15655276354530112
39200,,6953.316804885864,0.07885214252605578
39250,,6954.11550617218,0.06308596391406282
39300,,6954.907380819321,0.1857670832069187
39350,,6955.780449151993,0.03586160109071189
39400,,6956.583557128906,0.11085646823845688
39450,,6957.35711479187,0.15018416172821644
39500,0.9352475247524753,6958.186740875244,0.08788118126727841
39550,,7040.511027812958,0.15984028654857504
39600,,7041.339926481247,0.16567129284643342
39650,,7042.207292556763,0.06067914557526925
39700,,7043.029778003693,0.11312146419627134
39750,,7043.809406757355,0.11404640293452886
39800,,7044.596974611282,0.15243462925129114
39850,,7045.408860206604,0.07703229378125177
39900,,7046.212834358215,0.15923099923522907
39950,,7047.063805580139,0.058359036441041796
40000,0.9354950495049505,7047.862393856049,0.16321855978410713
40050,,7128.285397768021,0.08706239606874262
40100,,7129.061069011688,0.11473908589016055
40150,,7129.893906116486,0.11699567841550118
40200,,7130.69234919548,0.11682725274456647
40250,,7131.4922416210175,0.0751063995031236
40300,,7132.355274677277,0.07096566166123718
40350,,7133.203675270081,0.10500230585044516
40400,,7134.014536380768,0.08950397580956759
40450,,7134.835314512253,0.023064730671845383
40500,0.9356930693069307,7135.647755622864,0.05859457215936044
40550,,7217.307412385941,0.06858348129230764
40600,,7218.119794368744,0.08548295539403164
40650,,7218.94647860527,0.0854071364340169
40700,,7219.754112958908,0.18543675168073454
40750,,7220.59911775589,0.08540421362880984
40800,,7221.403665304184,0.07950584647103037
40850,,7222.200259923935,0.08064484253931192
40900,,7222.979501008987,0.1610423604949265
40950,,7223.808353662491,0.0806677450853583
41000,0.9352475247524753,7224.60241818428,0.08563264097467126
41050,,7305.133221626282,0.09015753949348752
41100,,7305.983100891113,0.06392250758127783
41150,,7306.815456390381,0.05061985389947333
41200,,7307.607359170914,0.12072386737175156
41250,,7308.439573764801,0.09402853205732738
41300,,7309.238533973694,0.08628295812332083
41350,,7310.062554359436,0.15165746526531698
41400,,7310.949326515198,0.06599213951095817
41450,,7311.7854216098785,0.05287100475736287
41500,0.9340099009900991,7312.647443294525,0.04359592527765724
41550,,7393.941775798798,0.10626081489252437
41600,,7394.783621072769,0.09960481496950113
41650,,7395.556780576706,0.08852443717428102
41700,,7396.401309251785,0.09107510197680815
41750,,7397.273703098297,0.06998238339316741
41800,,7398.10875916481,0.07640084762777705
41850,,7399.5980796813965,0.092909627273472
41900,,7400.462509155273,0.05476305136449258
41950,,7401.326303958893,0.09984553015262071
42000,0.9320297029702971,7402.140184879303,0.13331366779826825
42050,,7482.855521440506,0.10401599729753627
42100,,7483.739776849747,0.13050713978817693
42150,,7484.533398628235,0.0393393328973537
42200,,7485.334473609924,0.09127742275046742
42250,,7486.17872095108,0.08542371377437322
42300,,7487.006217479706,0.1778512549660337
42350,,7487.919305324554,0.0335157597226444
42400,,7488.742962598801,0.13045218837337103
42450,,7489.529982089996,0.07588034911563558
42500,0.9350990099009902,7490.328405380249,0.09423719231046007
42550,,7572.763820886612,0.07477860184104655
42600,,7573.568146944046,0.08317845262670946
42650,,7574.342144727707,0.08757764782951732
42700,,7575.139518499374,0.10614730367161922
42750,,7575.9389753341675,0.10895736172704686
42800,,7576.743766069412,0.06375229726731865
42850,,7577.521703243256,0.17533550246282548
42900,,7578.3296439647675,0.09369019124774666
42950,,7579.15564084053,0.06226848238764135
43000,0.9347524752475248,7579.955019712448,0.1013163876529186
43050,,7661.206508874893,0.11407982173831664
43100,,7662.011546134949,0.07400191264403337
43150,,7662.832637548447,0.06582212224579066
43200,,7663.633862495422,0.07011463187768055
43250,,7664.446902036667,0.05101001815292236
43300,,7665.2338128089905,0.23619133063957187
43350,,7666.049441814423,0.07806510729326688
43400,,7666.8685710430145,0.14092017316842362
43450,,7667.664022445679,0.07993766910519831
43500,0.9360396039603961,7668.486028671265,0.1021695704383999
43550,,7749.262057065964,0.09228687382356565
43600,,7750.152795314789,0.07737792215488015
43650,,7751.020733118057,0.09465126552053083
43700,,7751.8911147117615,0.08263325339140443
43750,,7752.676339864731,0.16801578008287682
43800,,7753.538870811462,0.09428127431811711
43850,,7754.443755149841,0.0804951085396276
43900,,7755.305150270462,0.104636714630111
43950,,7756.19674038887,0.05016067747567234
44000,0.9337623762376238,7757.037918806076,0.09405176972599906
44050,,7838.8349776268005,0.12973334246315338
44100,,7839.66890335083,0.07851893535820982
44150,,7840.489208459854,0.10500928449256187
44200,,7841.266926288605,0.11633686057412346
44250,,7842.0990171432495,0.06782754416435281
44300,,7842.858501672745,0.25426684856102855
44350,,7843.6529676914215,0.3133870973360363
44400,,7844.4759476184845,0.18482678680675874
44450,,7845.270949840546,0.139607432626982
44500,0.9326732673267327,7846.097744226456,0.13106652022641171
44550,,7927.367449045181,0.1188059696543904
44600,,7928.1627695560455,0.08803416024427593
44650,,7928.964903354645,0.2424244125482134
44700,,7929.816665649414,0.12282571217518097
44750,,7930.645766735077,0.08889427279372876
44800,,7931.440525770187,0.1792629970344928
44850,,7932.272070646286,0.132174472667276
44900,,7933.074736595154,0.07318991840843442
44950,,7933.980589866638,0.02958807851583235
45000,0.9354455445544555,7934.854501008987,0.09841625160049118
45050,,8016.999911546707,0.07654457252831094
45100,,8017.803092002869,0.14291980776542668
45150,,8018.648865938187,0.09654662409971033
45200,,8019.493854999542,0.03130683852418795
45250,,8020.319132566452,0.09741831710342863
45300,,8021.111419200897,0.1132834219997282
45350,,8021.9480509758,0.09322465183364098
45400,,8022.763068675995,0.0383933151327359
45450,,8023.5724222660065,0.17808162886283146
45500,0.933960396039604,8024.368817090988,0.1499424247748915
45550,,8104.688059568405,0.10291151185757115
45600,,8105.496346473694,0.11261662416492828
45650,,8106.373766422272,0.03638989777587675
45700,,8107.197216510773,0.06666243873305953
45750,,8108.096966505051,0.06512395867802047
45800,,8108.896925210953,0.07564494574602
45850,,8109.716771364212,0.07702526189886318
45900,,8110.53462266922,0.11617759778867377
45950,,8111.375670433044,0.039968455892028645
46000,0.9292079207920793,8112.119486808777,0.18354700592023263
46050,,8193.668623447418,0.08146340138801618
46100,,8194.463348865509,0.06595317663083815
46150,,8195.252894639969,0.12403794467991375
46200,,8196.096881389618,0.09646266290331347
46250,,8196.943565607071,0.08969977162048877
46300,,8197.727305650711,0.08613906876005614
46350,,8199.164082050323,0.16635636526778966
46400,,8199.970233678818,0.14697217102585058
46450,,8200.767722845078,0.06893561097089174
46500,0.9332178217821783,8201.631292104721,0.06574850059494301
46550,,8282.81205534935,0.05972675921427031
46600,,8283.603424072266,0.07707689011188269
46650,,8284.460903167725,0.07697214562722082
46700,,8285.242943286896,0.17050358809518926
46750,,8286.053941488266,0.05096335428551326
46800,,8286.828721284866,0.04760721448871616
46850,,8287.634567260742,0.04613141670151205
46900,,8288.45208621025,0.11417230753952218
46950,,8289.29274892807,0.08394644661542046
47000,0.9342079207920793,8290.137300014496,0.08853875105704581
47050,,8372.26120877266,0.07513034403730483
47100,,8373.067443847656,0.0774046297205331
47150,,8373.885222434998,0.16237272293647273
47200,,8374.691062688828,0.07203886320362417
47250,,8375.520689725876,0.1244243464693983
47300,,8376.31662940979,0.2842332593881918
47350,,8377.129900217056,0.08545216504704442
47400,,8377.914763689041,0.0628753909681386
47450,,8378.694201231003,0.08172776220273455
47500,0.932920792079208,8379.507233142853,0.20808530390914926
47550,,8461.22853064537,0.1364267937770802
47600,,8462.054004907608,0.07692325923107365
47650,,8462.825766086578,0.0792742577664345
47700,,8463.6619784832,0.11262108396367308
47750,,8464.439051628113,0.12316823666781125
47800,,8465.22109246254,0.08270330899597216
47850,,8466.01648759842,0.08207394842172702
47900,,8466.888385534286,0.06967244042084572
47950,,8467.75730419159,0.0925344621417638
48000,0.9327227722772278,8468.624328136444,0.05910546686929572
48050,,8550.794201374054,0.114878444541928
48100,,8551.623432397842,0.053944341419514874
48150,,8552.442157506943,0.02840316978070421
48200,,8553.224430799484,0.1051146703527077
48250,,8554.026444196701,0.09508810273303875
48300,,8554.84564948082,0.04421226076762237
48350,,8555.666093111038,0.08367595097862983
48400,,8556.448256969452,0.1419697484136274
48450,,8557.25751209259,0.053634999893690465
48500,0.933910891089109,8558.076993465424,0.08887014678766135
48550,,8638.86049413681,0.11515049439703078
48600,,8639.711105823517,0.05726329997268833
48650,,8640.557055234909,0.08101627160913326
48700,,8641.371862649918,0.059460450376696644
48750,,8642.198652982712,0.03823342791667526
48800,,8642.984028816223,0.09921006617039688
48850,,8643.820698976517,0.05987213184348311
48900,,8644.636520385742,0.10882994005526714
48950,,8645.39150261879,0.145546713496678
49000,0.9362376237623763,8646.207448005676,0.07038808500320388
49050,,8726.959468364716,0.08082619392876883
49100,,8727.843945503235,0.0937798539831843
49150,,8728.753757715225,0.19504683578584647
49200,,8729.58107805252,0.16502821344667215
49250,,8730.483407020569,0.052060548083515526
49300,,8731.300571918488,0.10963335974305671
49350,,8732.095985174179,0.13824020235209264
49400,,8732.920107126236,0.04908276065119463
49450,,8733.730008602142,0.16210638126818736
49500,0.9348019801980199,8734.5244140625,0.1318891031793881
49550,,8815.636318445206,0.0682870137625543
49600,,8816.426922082901,0.0847325722719383
49650,,8817.26198554039,0.07914865011102562
49700,,8818.091966867447,0.04052212088188813
49750,,8818.885421514511,0.11839402521665238
49800,,8819.675357580185,0.11260635866662597
49850,,8820.522418260574,0.07637362430215706
49900,,8821.413219451904,0.05105207667204731
49950,,8822.280095100403,0.10343267968042097
50000,0.9342079207920793,8823.055013179779,0.14080173082421543
50050,,8904.95829796791,0.07500921312053664
50100,,8905.782261610031,0.1541679627683142
50150,,8906.577712059021,0.11074224858544918
50200,,8907.385112762451,0.04716750288590292
50250,,8908.192429304123,0.14032023046369888
50300,,8908.995840072632,0.11092963278151928
50350,,8909.798796415329,0.06526089143800096
50400,,8910.664370775223,0.060599752426309064
50450,,8911.513623476028,0.05782696978806871
50500,0.9352475247524753,8912.319786548615,0.18991088881959176
50550,,8993.428824663162,0.10918123695461918
50600,,8994.25350856781,0.0841853541463683
50650,,8995.030514717102,0.17890543488199062
50700,,8995.825398683548,0.14601098237337523
50750,,8996.645079612732,0.04016677474797978
50800,,8997.440236330032,0.09743586773247374
50850,,8998.211593866348,0.15348884755763714
50900,,8999.717645406723,0.09276340650430098
50950,,9000.562193870544,0.07601330031146192
51000,0.9351980198019803,9001.335276603699,0.11034597548306743
51050,,9082.055209875107,0.050416545608819946
51100,,9082.884069442749,0.0652207032202681
51150,,9083.74457192421,0.08230668744574102
51200,,9084.575200557709,0.07959262544104849
51250,,9085.369998455048,0.1379349708802867
51300,,9086.177364349365,0.12094075319265482
51350,,9087.027455806732,0.0609012338472679
51400,,9087.786551713943,0.15156534817430486
51450,,9088.631357431412,0.0218641262322602
51500,0.9347524752475248,9089.461876869202,0.05337681341968472
51550,,9170.285930395126,0.15331636705605609
51600,,9171.070074796677,0.08640303637356633
51650,,9171.884336233139,0.037282046076746594
51700,,9172.684822797775,0.05966990383540551
51750,,9173.456712245941,0.06949791958902857
51800,,9174.244421720505,0.04667207538903404
51850,,9175.02793431282,0.166436423487889
51900,,9175.855652570724,0.09321299305300453
51950,,9176.658302783966,0.07194275251831012
52000,0.9345049504950496,9177.481006622314,0.06570111307118011
52050,,9258.294643878937,0.07302192578830896
52100,,9259.049802780151,0.1520749122316142
52150,,9259.875651359558,0.05058721985860672
52200,,9260.669552564621,0.09241681931079711
52250,,9261.448595285416,0.13688390096577147
52300,,9262.258136510849,0.09500275709198133
52350,,9263.072390079498,0.017232146251020264
52400,,9263.894060611725,0.05720114572144274
52450,,9264.709074497223,0.04255619196093991
52500,0.9347524752475248,9265.482480049133,0.07716475153945428
52550,,9346.499252796173,0.12132979598835679
52600,,9347.357626199722,0.10553389740175347
52650,,9348.23142027855,0.1391783272607877
52700,,9349.13943529129,0.1046502185720566
52750,,9349.934052467346,0.17349023946914297
52800,,9350.75756263733,0.04803621278326654
52850,,9351.594581842422,0.10864656926601368
52900,,9352.402934789658,0.1191432598828494
52950,,9353.183388471603,0.055564837247778415
53000,0.9373762376237624,9353.974265098572,0.1351839713174732
53050,,9434.12241601944,0.03970865355191808
53100,,9434.937426805496,0.12365549118082438
53150,,9435.742907762527,0.09218244671426085
53200,,9436.54054427147,0.10143740508387845
53250,,9437.294003725052,0.1785300085485455
53300,,9438.114253997803,0.09366079663898173
53350,,9438.915251255035,0.0744284108438949
53400,,9439.747829675674,0.14046963337093166
53450,,9440.503362178802,0.1306644834619886
53500,0.9336633663366337,9441.315461158752,0.03878157200312112
53550,,9523.254423618317,0.09058632546177908
53600,,9524.04051566124,0.08366053155081964
53650,,9524.871545791626,0.09180590043503015
53700,,9525.622999668121,0.10320833788153597
53750,,9526.439657211304,0.03813146523315512
53800,,9527.242183685303,0.11679493647900775
53850,,9528.011797904968,0.11734738856153429
53900,,9528.83404660225,0.12200222736963882
53950,,9529.637917518616,0.06706811112870102
54000,0.9347524752475248,9530.50090098381,0.13881741707124975
54050,,9610.29858493805,0.10153270922678709
54100,,9611.134772777557,0.1752678109184182
54150,,9611.944391727448,0.17551127872357963
54200,,9612.767397642136,0.1750316127123785
54250,,9613.613390684128,0.07949693511047372
54300,,9614.470564365387,0.015508345429705457
54350,,9615.273231744766,0.12866281685576017
54400,,9616.094779729843,0.048938167229633144
54450,,9616.951120138168,0.07036390971331136
54500,0.9301980198019802,9618.501917123795,0.05095186302788708
54550,,9699.20527601242,0.06661543193086744
54600,,9700.080305337906,0.15649384007803457
54650,,9700.945377349854,0.09887601706657581
54700,,9701.74041223526,0.09052340770442431
54750,,9702.505955457687,0.2014829315860835
54800,,9703.29110622406,0.1437563590015932
54850,,9704.09657073021,0.11525091380698005
54900,,9704.908289432526,0.05964803205443458
54950,,9705.713109493256,0.05928366173476616
55000,0.9352475247524753,9706.591189146042,0.06668156088184199
55050,,9787.739375829697,0.13357109233217274
55100,,9788.544548749924,0.07032974932044024
55150,,9789.321420431137,0.15290048926319633
55200,,9790.089727401733,0.10290198157998041
55250,,9790.861721038818,0.21581904748584346
55300,,9791.674036026001,0.07247064273554127
55350,,9792.45795083046,0.3103272404884987
55400,,9793.25767326355,0.11603784600037179
55450,,9794.057265281677,0.07088721137890515
55500,0.932970297029703,9794.84074473381,0.12340992615841338
55550,,9874.370718240738,0.054404036745331306
55600,,9875.191188812256,0.02742854706837722
55650,,9875.988197803497,0.11942037553390282
55700,,9876.787835597992,0.03729083091525255
55750,,9877.614218950272,0.04042224111771996
55800,,9878.405518770218,0.3715434590826968
55850,,9879.186379671097,0.13936881425508837
55900,,9879.99714589119,0.060721416591365956
55950,,9880.828244686127,0.10564672984318137
56000,0.9341584158415842,9881.631595373154,0.11106132288225275
56050,,9961.673548936844,0.16296862167208626
56100,,9962.502331256866,0.10997164568898081
56150,,9963.295906066895,0.09220742027894183
56200,,9964.058428525925,0.11767785002155294
56250,,9964.850644826889,0.0633126017968218
56300,,9965.623052120209,0.10504682409216262
56350,,9966.405172586441,0.09814177522205822
56400,,9967.200232505798,0.10723703626859711
56450,,9968.009911298752,0.11210823242442089
56500,0.9357920792079208,9968.79172372818,0.09418189466021389
56550,,10049.482397794724,0.08284661463464633
56600,,10050.32267332077,0.06087517391909649
56650,,10051.116790294647,0.1694554340425726
56700,,10051.99090886116,0.05251609470630159
56750,,10052.845354557037,0.10368283210938861
56800,,10053.717967033386,0.12427097562343226
56850,,10054.615271568298,0.04591114356119645
56900,,10055.52177453041,0.05249744707164127
56950,,10056.390167713165,0.08360805231379441
57000,0.9351485148514852,10057.3085334301,0.07796211694833943
57050,,10138.203333377838,0.1451071864773402
57100,,10138.983106136322,0.10520849407688054
57150,,10139.85631608963,0.06519977842445752
57200,,10140.668920516968,0.13488904001432736
57250,,10141.478100299835,0.15472177609143936
57300,,10142.277804136276,0.08244914477611508
57350,,10143.104180335999,0.09374567506362569
57400,,10143.936537265778,0.1038753835689419
57450,,10144.695887804031,0.12842048827029934
57500,0.9360891089108911,10145.503006219864,0.09350274867706697
57550,,10225.278950452805,0.05321913951641665
57600,,10226.800799369812,0.11869222959847552
57650,,10227.607349395752,0.11688676710337856
57700,,10228.432039499283,0.14055790583352853
57750,,10229.227475643158,0.08917519685544717
57800,,10230.030851364136,0.0957484604196594
57850,,10230.857738494873,0.10654383764214677
57900,,10231.649153709412,0.08510840744735206
57950,,10232.462811231613,0.06030898197158727
58000,0.9372772277227723,10233.256557941437,0.1600289395789623
58050,,10315.744807958603,0.07278005488237564
58100,,10316.607240200043,0.07069482592187006
58150,,10317.4316239357,0.12203311429411412
58200,,10318.239212036133,0.07451379326337026
58250,,10319.08789563179,0.046400949912363626
58300,,10319.920453548431,0.07390779807100387
58350,,10320.766050100327,0.07666040179044545
58400,,10321.632242202759,0.09645077702276296
58450,,10322.487318515778,0.06414447979905559
58500,0.9364851485148515,10323.313131332397,0.07067327739086232
58550,,10404.507873535156,0.13884662490909105
58600,,10405.296738862991,0.14860160432663658
58650,,10406.132862329483,0.12382058427047987
58700,,10406.968932390213,0.09481706866915146
58750,,10407.789312839508,0.07822978218746018
58800,,10408.58836889267,0.08931327469542039
58850,,10409.326629161835,0.1754693136369111
58900,,10410.108411312103,0.11720390253600774
58950,,10410.91311454773,0.1502905919785401
59000,0.9346039603960397,10411.723638057709,0.07145494153794313
59050,,10491.510976076126,0.08685744419708746
59100,,10492.32135105133,0.057404579372749
59150,,10493.17472743988,0.0628784522490591
59200,,10493.993990898132,0.083424071984188
59250,,10494.81699681282,0.035205713140959924
59300,,10495.659367084503,0.031889162025451605
59350,,10496.393582582474,0.19098678517011514
59400,,10497.212076187134,0.05480106614813876
59450,,10498.011593103409,0.12980705766375558
59500,0.9345544554455446,10498.815243005753,0.059262570290329906
59550,,10580.07798910141,0.04021790164945515
59600,,10580.910143136978,0.09510087060783229
59650,,10581.677197217941,0.20910813334404627
59700,,10582.469055891037,0.18563835589408842
59750,,10583.291189432144,0.013346167930276966
59800,,10584.07118177414,0.20349197051797144
59850,,10584.83792591095,0.1600092024900457
59900,,10585.625586509705,0.15550921478013144
59950,,10586.448942422867,0.05270050382635724
60000,0.9346039603960397,10587.241057872772,0.16137361101510272
60050,,10667.96171784401,0.09194831290077249
60100,,10668.860579013824,0.09027733922716707
60150,,10669.774371385574,0.08149451673709185
60200,,10670.64242720604,0.07411938489518122
60250,,10671.44175362587,0.16051698958235597
60300,,10672.245599031448,0.07021412933156843
60350,,10673.074508190155,0.1427991303086788
60400,,10673.844853639603,0.09553895206663
60450,,10674.613094091415,0.1305812079680736
60500,0.9330198019801981,10675.397459983826,0.15951514387462093
60550,,10756.344517707825,0.10127516921990404
60600,,10757.127355098724,0.09600182271730676
60650,,10757.966886043549,0.054012743265816995
60700,,10758.768112182617,0.07174127112691722
60750,,10759.618348836899,0.04732271624162517
60800,,10760.433314800262,0.052111720027533275
60850,,10761.266419410706,0.06110905358446231
60900,,10762.079503536224,0.14345736926145283
60950,,10762.87263059616,0.0837556997524883
61000,0.9321287128712872,10763.660828113556,0.17115382627153047
61050,,10844.202763080597,0.13228171999350097
61100,,10845.051337480545,0.05295936762427056
61150,,10845.823652029037,0.09758283494495477
61200,,10846.643806219101,0.08004901488454086
61250,,10847.426328897476,0.06654671792072264
61300,,10848.242377996445,0.08802666080512653
61350,,10849.033249855042,0.03664150999483616
61400,,10849.830641269684,0.07812590277787419
61450,,10850.645577907562,0.08068632909138172
61500,0.9343564356435644,10851.475620508194,0.14085457899542045
61550,,10931.317905664444,0.1529960411588881
61600,,10932.11961054802,0.08664562804648597
61650,,10932.92677617073,0.07350459966117753
61700,,10933.76019024849,0.11243400303735628
61750,,10934.557199716568,0.14021776203764047
61800,,10935.389008283615,0.06510989463835207
61850,,10936.172202587128,0.15703146696391487
61900,,10937.00070977211,0.09877795251751596
61950,,10937.821285486221,0.06352342887090963
62000,0.9355445544554456,10938.637641429901,0.08182227906226709
62050,,11019.536099433899,0.045912051334355344
62100,,11020.3801715374,0.12333295954412364
62150,,11021.183791399002,0.14964506270104064
62200,,11021.987734079361,0.08015503321878653
62250,,11022.827990531921,0.08385114104040133
62300,,11023.602239608765,0.14085963183521988
62350,,11024.376707792282,0.095969321491383
62400,,11025.202225446701,0.07381144706456723
62450,,11025.993432760239,0.0688610888549853
62500,0.9367326732673268,11026.823520898819,0.11909856444117844
62550,,11106.602011442184,0.16732935159158827
62600,,11107.378571987152,0.14411429273330165
62650,,11108.186753988266,0.156797467748634
62700,,11109.041233539581,0.06691157835347096
62750,,11109.901394367218,0.13462030306681522
62800,,11110.757985115051,0.13996195931907177
62850,,11111.624023914337,0.0978932645447377
62900,,11112.458956241608,0.05492679093822898
62950,,11113.301463365555,0.042729637792701586
63000,0.935891089108911,11114.10634970665,0.056070532045504856
63050,,11195.137664079666,0.12027310052984581
63100,,11195.934304237366,0.09803258647639829
63150,,11196.706310033798,0.13740647419777122
63200,,11197.561853647232,0.08475938439272249
63250,,11198.450375080109,0.10686212682110818
63300,,11199.317602872849,0.014304194049525865
63350,,11200.16551041603,0.04994086137537259
63400,,11201.015053749084,0.18002708513338475
63450,,11201.879572629929,0.13139579668326135
63500,0.9354455445544555,11202.672456741333,0.15003930253024686
63550,,11282.873427152634,0.11033455239720698
63600,,11283.732612371445,0.09844347544495097
63650,,11284.663165807724,0.05430756757403767
63700,,11285.547459602356,0.09377655697428658
63750,,11286.387206792831,0.14001859496489716
63800,,11287.225554943085,0.09034827213256466
63850,,11288.053693056107,0.07949029039961565
63900,,11288.919632434845,0.061878495067012054
63950,,11289.815460443497,0.1550227439847366
64000,0.9352475247524753,11290.727968454361,0.10915329413886614
64050,,11372.286072015762,0.05911308435457653
64100,,11373.10464811325,0.16526748299154004
64150,,11373.99387717247,0.09925637956170458
64200,,11374.817667484283,0.10210713052134211
64250,,11375.620299816132,0.08540621048570558
64300,,11376.44905591011,0.08466166854641573
64350,,11377.30719089508,0.1308935365167538
64400,,11378.125983476639,0.09031834369076047
64450,,11378.920530319214,0.08896161822814402
64500,0.9325742574257426,11379.728838443756,0.10002923247395644
64550,,11458.958463907242,0.06578119708732237
64600,,11459.759533405304,0.06483215730667097
64650,,11460.604350328445,0.0916958782579155
64700,,11461.411325216293,0.081958851414816
64750,,11462.240654945374,0.06088338591294693
64800,,11463.010960817337,0.11904435014179132
64850,,11463.837576627731,0.11535134251899937
64900,,11464.657852888107,0.03216228131375329
64950,,11465.470956087112,0.041747239566549015
65000,0.9334158415841585,11466.274290800095,0.06116935117336771
65050,,11545.562850952148,0.09745892952042835
65100,,11546.374143123627,0.0641282410423291
65150,,11547.1818754673,0.09522929864527148
65200,,11547.938684463501,0.11215360161470216
65250,,11548.731762886047,0.10679339316941697
65300,,11549.511489152908,0.09077849239569873
65350,,11550.339639663696,0.11339773770759802
65400,,11551.865224599838,0.12657619144839546
65450,,11552.647927999496,0.06734608457200202
65500,0.9328217821782179,11553.453105688095,0.12767577530938423
65550,,11633.442867040634,0.12644898177492148
65600,,11634.291804075241,0.09115839108781376
65650,,11635.164683818817,0.07309050473030626
65700,,11636.023350477219,0.06531594607193993
65750,,11636.825145244598,0.11716642240342276
65800,,11637.733743429184,0.12777240833910578
65850,,11638.655458211899,0.05913440580016599
65900,,11639.518689870834,0.17293998134828434
65950,,11640.417927265167,0.11126129879714844
66000,0.9350495049504951,11641.319712877274,0.14434810261453948
66050,,11721.782855987549,0.05612133106717642
66100,,11722.609921455383,0.1315097940066169
66150,,11723.427124500275,0.12980854941516315
66200,,11724.230867624283,0.12219218845605262
66250,,11725.021004915237,0.08123239519289305
66300,,11725.831832647324,0.03226634984356959
66350,,11726.64587855339,0.2735137718250259
66400,,11727.44521856308,0.21219120694968122
66450,,11728.221668243408,0.11670549031150389
66500,0.9320297029702971,11729.063577651978,0.07789760063118031
66550,,11809.781417131424,0.03353507948323254
66600,,11810.618519067764,0.11484116342202592
66650,,11811.407310724258,0.03236726673543305
66700,,11812.236300706863,0.0784635398150159
66750,,11813.045908212662,0.060054027136295894
66800,,11813.842469215393,0.16882122772610755
66850,,11814.669460058212,0.1349161685382868
66900,,11815.442064523697,0.08652259250297538
66950,,11816.270543813705,0.2829048924517617
67000,0.9198514851485149,11817.094070911407,0.09441591193431588
67050,,11898.866329193115,0.05785719392027919
67100,,11899.652908563614,0.288722093542625
67150,,11900.444900989532,0.07910939870781084
67200,,11901.250733613968,0.09031658075663865
67250,,11902.058561325073,0.04562630730177521
67300,,11902.823232412338,0.13564158314309518
67350,,11904.412662744522,0.08811645441099948
67400,,11905.193128824234,0.11975056407065758
67450,,11905.986737966537,0.1474294875717637
67500,0.9355445544554456,11906.765480279922,0.07172344065798412
67550,,11986.415224790573,0.07061882126238299
67600,,11987.22601389885,0.057791208566770585
67650,,11988.01178264618,0.11585316862381634
67700,,11988.845727443695,0.07816088452400537
67750,,11989.685455560684,0.0718220857777948
67800,,11990.519838809967,0.07381837843409093
67850,,11991.382667064667,0.16199490409957076
67900,,11992.204649925232,0.07999551146203569
67950,,11992.994998216629,0.10170612430549685
68000,0.9362871287128713,11993.782900094986,0.1186207228115238
68050,,12073.176978588104,0.13058396506506728
68100,,12074.013587474823,0.04957638957983924
68150,,12074.857978582382,0.07298522337784412
68200,,12075.688794612885,0.13838247466459033
68250,,12076.476083040237,0.14179973658152853
68300,,12077.297436475754,0.05885058591857941
68350,,12078.128046274185,0.06719991962487672
68400,,12078.957523822784,0.12584363648487773
68450,,12079.745854139328,0.06480183783822967
68500,0.9324257425742575,12080.562631130219,0.08946014236402715
68550,,12159.700625419617,0.03911005884297142
68600,,12160.49639248848,0.12477160868434847
68650,,12161.273458242416,0.08858387445964422
68700,,12162.092034816742,0.06573154788605877
68750,,12162.899044275284,0.08886521128350866
68800,,12163.707847356796,0.08375536844696657
68850,,12164.525295257568,0.1361375304003169
68900,,12165.3367562294,0.07177042486446929
68950,,12166.139785051346,0.08222804919348596
69000,0.9332178217821783,12166.96264886856,0.06053524487789494
69050,,12248.252872228622,0.05554958104294718
69100,,12249.07918548584,0.07448384378637454
69150,,12249.892230510712,0.054690205080674306
69200,,12250.703928947449,0.03704288647103209
69250,,12251.531898736954,0.09611504319215143
69300,,12252.301552534103,0.07196238539653298
69350,,12253.103887796402,0.054720649792243205
69400,,12253.931473493576,0.08004355436869987
69450,,12254.720841169357,0.09933338666790696
69500,0.932970297029703,12255.4921438694,0.09310140323580887
69550,,12336.480644464493,0.10084745974060699
69600,,12337.30629491806,0.1342490650376131
69650,,12338.168680906296,0.10641052646510792
69700,,12339.003289222717,0.08437251974255666
69750,,12339.824636220932,0.15306555315612155
69800,,12340.625923633575,0.06866812126830533
69850,,12341.438452243805,0.08163787591726872
69900,,12342.188004016876,0.09976461918102744
69950,,12342.99908876419,0.09323169590021772
70000,0.9343564356435644,12343.807554006577,0.07536376170293435
70050,,12425.471138000488,0.062495255175505464
70100,,12426.275931835175,0.14854917144179466
70150,,12427.127326250076,0.09029873211349239
70200,,12427.943081140518,0.1404390877177258
70250,,12428.788937330246,0.07339637100158222
70300,,12429.605060100555,0.06199767210862446
70350,,12430.379985570908,0.12718702737665422
70400,,12431.220729589462,0.08752456161110599
70450,,12432.037307739258,0.15974687415114902
70500,0.9356930693069307,12432.865703105927,0.10271213411249674
70550,,12514.591636896133,0.17448362867331152
70600,,12515.340854406357,0.16219354367990405
70650,,12516.13582444191,0.10583961238614231
70700,,12516.93857884407,0.07502461954440015
70750,,12517.796712398529,0.08741131918775677
70800,,12518.60078239441,0.12637083590722986
70850,,12519.421892881393,0.10249464690574588
70900,,12520.193104028702,0.10404239854651966
70950,,12521.017295122147,0.06053648888911654
71000,0.9353960396039604,12521.85246014595,0.06106672607327134
71050,,12602.657282829285,0.1398855374453519
71100,,12603.431966543198,0.10065753306230722
71150,,12604.216946601868,0.07390893068360728
71200,,12605.044557571411,0.06057628703715221
71250,,12605.848581552505,0.10008184929771469
71300,,12606.67261147499,0.1349054067583019
71350,,12607.52228975296,0.17500928459030798
71400,,12608.376297473907,0.044092146997394
71450,,12609.202321767807,0.0992269760281125
71500,0.9361881188118812,12610.053917884827,0.09713620210891603
71550,,12691.905130386353,0.09182696972361132
71600,,12692.740970134735,0.12582257607014335
71650,,12693.602453708649,0.056716616601919956
71700,,12694.433819770813,0.11095913065664562
71750,,12695.285062074661,0.057973978799496034
71800,,12696.103705644608,0.1006900235694392
71850,,12696.918024778366,0.19240182620833957
71900,,12697.757930517197,0.04284421917138888
71950,,12698.591028690338,0.09014130813095982
72000,0.936930693069307,12699.40916109085,0.12813680532142638
72050,,12779.36676621437,0.09539395963880215
72100,,12780.174786806107,0.11492461392310836
72150,,12780.944499731064,0.11184190636168342
72200,,12781.754726171494,0.08510494231024726
72250,,12782.55534529686,0.10738663103558531
72300,,12783.332152843475,0.0576080393347811
72350,,12784.192361831665,0.04546597835558028
72400,,12785.001145839691,0.06294379265114389
72450,,12785.80175948143,0.08036913300552033
72500,0.9353960396039604,12786.618923902512,0.10616787892573364
72550,,12868.66614484787,0.05587046641260143
72600,,12869.485589027405,0.11123981374578013
72650,,12870.263729810715,0.07173158577035914
72700,,12871.047106266022,0.07966814280367135
72750,,12871.830784320831,0.06942967397948155
72800,,12872.617341518402,0.05889188564102646
72850,,12873.41355919838,0.0787527120951746
72900,,12874.268461704254,0.12008916743141138
72950,,12875.132346391678,0.10888593224930145
73000,0.9338613861386139,12875.957367420197,0.09191506513986862
73050,,12957.83975815773,0.07467763214452279
73100,,12958.717833042145,0.09801862677642242
73150,,12959.529904842377,0.08164683518942326
73200,,12960.382406949997,0.062435841896715895
73250,,12961.242506742477,0.08869903904398672
73300,,12962.028656244278,0.14696533326772745
73350,,12962.834560871124,0.09826356999177259
73400,,12963.605519533157,0.1250705484605612
73450,,12964.38944864273,0.123060744997755
73500,0.932970297029703,12965.171191215515,0.10156385759763759
73550,,13047.508133172989,0.00991659601022694
73600,,13048.29340338707,0.08196628513801574
73650,,13049.080255508423,0.0637272520397511
73700,,13049.857460260391,0.1519987856185754
73750,,13050.689627408981,0.028162233854763796
73800,,13051.496749639511,0.14099558264385062
73850,,13052.32663345337,0.05278067866479137
73900,,13053.143413305283,0.10022428905503981
73950,,13053.972533941269,0.09958924608767532
74000,0.9336633663366337,13054.794828891754,0.05800220466750579
74050,,13135.532953500748,0.06771082043807373
74100,,13136.348311424255,0.09763700699640322
74150,,13137.172887563705,0.12066075306063814
74200,,13138.08254647255,0.06087945279444762
74250,,13138.943974018097,0.027638931143303496
74300,,13139.794218301773,0.08038254286633638
74350,,13140.608974933624,0.1352022869790228
74400,,13141.40690612793,0.14390985120982272
74450,,13142.234141349792,0.13747362239631541
74500,0.9338613861386139,13143.023676872253,0.10397138288359088
74550,,13224.61977148056,0.07948540368635433
74600,,13225.49084353447,0.0871583148089314
74650,,13226.289600372314,0.07021578912487624
74700,,13227.09807252884,0.09648727833075146
74750,,13227.91784620285,0.09774571390830972
74800,,13228.72961306572,0.06628904611584317
74850,,13229.612591266632,0.041300170563490834
74900,,13230.415501356125,0.12884344113580695
74950,,13231.2168238163,0.08070594690902652
75000,0.9095049504950495,13232.023299217224,0.1038192317132774
75050,,13312.987161159515,0.3938793302474551
75100,,13313.773054122925,0.2960222479340236
75150,,13314.57322216034,0.1748424180410731
75200,,13315.458197832108,0.09337492397928626
75250,,13316.342355012894,0.44805206742504744
75300,,13317.126835823059,0.1576146842434529
75350,,13317.931727647781,0.25422613304350716
75400,,13318.754113912582,0.16706560203479653
75450,,13319.532326698303,0.16951416878080877
75500,0.9298514851485149,13320.348054647446,0.09064255555901843
75550,,13401.495596647263,0.15863780339633238
75600,,13402.27878165245,0.06958653885566608
75650,,13403.070987462997,0.13427854172020479
75700,,13403.94501900673,0.04288330796185841
75750,,13404.77737569809,0.07759444594925573
75800,,13405.619667291641,0.11961911512552156
75850,,13406.503238201141,0.12658273519550162
75900,,13407.388603448868,0.09635476845393472
75950,,13408.272067546844,0.05781283094217004
76000,0.9322772277227723,13409.116405963898,0.1310327956895103
76050,,13490.77108168602,0.09226499886000557
76100,,13491.606163024902,0.07142753191858746
76150,,13492.448741197586,0.09544019133331494
76200,,13493.294456005096,0.044361738653619434
76250,,13494.132626056671,0.03365113973804619
76300,,13494.947986602783,0.10121222721857476
76350,,13495.800797462463,0.07225110871660484
76400,,13496.641574144363,0.10514899783774213
76450,,13497.546664237976,0.04487390929638647
76500,0.9347029702970298,13498.355227470398,0.12355725632355188
76550,,13580.926749706268,0.06812605457612139
76600,,13581.713014364243,0.16331002766856048
76650,,13582.519997119904,0.15538895639975017
76700,,13583.344247579575,0.07060699215148994
76750,,13584.17455625534,0.07302766160478867
76800,,13584.983628988266,0.08024233136773747
76850,,13585.762031316757,0.09159560756624278
76900,,13586.547440290451,0.09056198837705956
76950,,13587.344802618027,0.10808220967626472
77000,0.9343069306930694,13588.163170576096,0.14117984140603512
77050,,13668.088428735733,0.08833762467713584
77100,,13668.826813459396,0.12937788484769427
77150,,13669.660420417786,0.07650768173344262
77200,,13670.509053945541,0.10525278359731485
77250,,13671.2907538414,0.1114825997848358
77300,,13672.114035606384,0.09844581019690171
77350,,13672.905261516571,0.08933034963572646
77400,,13673.702969789505,0.0890339268874658
77450,,13674.540330171585,0.10759717144640076
77500,0.9334158415841585,13675.361546039581,0.06723159882034796
77550,,13755.68965268135,0.1002424352981916
77600,,13756.484142780304,0.14285803519228568
77650,,13757.283732414246,0.14308913989836894
77700,,13758.055176258087,0.0600778058511561
77750,,13758.852907180786,0.06933347741341335
77800,,13759.677488565445,0.0598030693465843
77850,,13760.48596405983,0.09850983019752155
77900,,13762.08711695671,0.11321079846235534
77950,,13762.911348581314,0.07677775694678932
78000,0.9315346534653466,13763.693754673004,0.11330198698601432
78050,,13843.973160028458,0.06923686168554853
78100,,13844.8305914402,0.08063320349111822
78150,,13845.677212953568,0.08183875309301912
78200,,13846.46398305893,0.24701311826372585
78250,,13847.257318973541,0.08435863925253485
78300,,13848.098923921585,0.04616117193388823
78350,,13848.911124944687,0.085204075929277
78400,,13849.709380865097,0.11039321247673203
78450,,13850.551335334778,0.06292834521868508
78500,0.9308910891089109,13851.370210409164,0.13360678445644344
78550,,13932.90946984291,0.09676643773716789
78600,,13933.797466039658,0.03984251179005948
78650,,13934.672491550446,0.13423872641944454
78700,,13935.500473499298,0.17828621679356563
78750,,13936.306710720062,0.09553012255004421
78800,,13937.16748714447,0.030362253438745112
78850,,13937.97503376007,0.13352611568986178
78900,,13938.844584226608,0.12217807691887125
78950,,13939.669647693634,0.08613948861659468
79000,0.9315346534653466,13940.460847616196,0.09504346713258566
79050,,14022.114466428757,0.13166076028819076
79100,,14022.887704610825,0.15190237415097227
79150,,14023.700495481491,0.0929835207511535
79200,,14024.563915729523,0.02488424425091121
79250,,14025.389355421066,0.0728914984169245
79300,,14026.189631700516,0.11259497873943172
79350,,14026.988962173462,0.04735209366489267
79400,,14027.823556423187,0.04893348947436242
79450,,14028.660361289978,0.07881886834987181
79500,0.9328712871287129,14029.475795269012,0.03661348477754475
79550,,14110.561356306076,0.09313688298563022
79600,,14111.33419084549,0.1397921197205798
79650,,14112.117504358292,0.07112043083686474
79700,,14112.952080726624,0.08397155459033837
79750,,14113.788395643234,0.08625021748485513
79800,,14114.570459604263,0.10252453576315883
79850,,14115.367594480515,0.11693779821680848
79900,,14116.209902763367,0.13926799653686017
79950,,14117.056772708893,0.06186033242040803
80000,0.9338613861386139,14117.862736701965,0.0352134810799768
80050,,14197.88826751709,0.13023525077814957
80100,,14198.700538158417,0.09612746771834094
80150,,14199.531155347824,0.1407600013151137
80200,,14200.415310144424,0.01688152927810128
80250,,14201.260081529617,0.06961999423375223
80300,,14202.098751306534,0.07428908589527054
80350,,14202.90844297409,0.061659892863608415
80400,,14203.74749302864,0.08097313660957178
80450,,14204.544819831848,0.09986699560465681
80500,0.9338613861386139,14205.432903766632,0.010915145208842418
80550,,14286.56671333313,0.02947226051500293
80600,,14287.343371629715,0.022377054343120966
80650,,14288.144357919693,0.040097158613091634
80700,,14288.986202955246,0.03578440901724446
80750,,14289.79275560379,0.07811607603664487
80800,,14290.582005500793,0.10128078499461929