i,loss,F1,Accuracy
0,1.064990520477295,0.29884368505625425,0.46841584158415844
50,1.0881867408752441,,
100,1.0671502351760864,,
150,1.080480694770813,,
200,1.0493953227996826,,
250,1.0703998804092407,,
300,1.0370486974716187,,
350,1.0484309196472168,,
400,1.0288718938827515,,
450,1.0343849658966064,,
500,1.0423197746276855,0.29884368505625425,0.46841584158415844
550,1.0412683486938477,,
600,1.0283368825912476,,
650,1.0254428386688232,,
700,1.0031887292861938,,
750,1.0115855932235718,,
800,1.0181057453155518,,
850,1.0253654718399048,,
900,1.0216461420059204,,
950,1.0222793817520142,,
1000,1.0108723640441895,0.29735831935086604,0.46702970297029706
1050,0.9940580129623413,,
1100,0.9767627716064453,,
1150,0.9911218881607056,,
1200,0.9526312947273254,,
1250,0.904781699180603,,
1300,0.8939151167869568,,
1350,0.9263397455215454,,
1400,0.9506832361221313,,
1450,0.9236442446708679,,
1500,0.9059044718742371,0.29735831935086604,0.46702970297029706
1550,0.8185645341873169,,
1600,0.9883118271827698,,
1650,0.8169394731521606,,
1700,0.8824346661567688,,
1750,0.9287539720535278,,
1800,0.7990434765815735,,
1850,0.885223925113678,,
1900,0.9342606067657471,,
1950,0.9464819431304932,,
2000,0.8768168091773987,0.29884368505625425,0.46841584158415844
2050,0.9677591919898987,,
2100,0.8769863843917847,,
2150,0.7749859094619751,,
2200,0.9659349918365479,,
2250,0.8596869707107544,,
2300,0.8766636848449707,,
2350,0.875214695930481,,
2400,0.8185663819313049,,
2450,0.8332071900367737,,
2500,0.8916670083999634,0.29884368505625425,0.46841584158415844
2550,0.9144799113273621,,
2600,0.8396857976913452,,
2650,0.9287129044532776,,
2700,0.9205173254013062,,
2750,0.8789729475975037,,
2800,0.9682722687721252,,
2850,0.8492175340652466,,
2900,0.8782270550727844,,
2950,0.9976338148117065,,
3000,0.8360040187835693,0.29735831935086604,0.46702970297029706
3050,0.8848240375518799,,
3100,0.9617017507553101,,
3150,0.8402566313743591,,
3200,0.9135118126869202,,
3250,0.8090550899505615,,
3300,0.8766043186187744,,
3350,0.8757105469703674,,
3400,0.9264495968818665,,
3450,0.8361691236495972,,
3500,0.8539763689041138,0.29735831935086604,0.46702970297029706
3550,0.956024169921875,,
3600,0.8733193874359131,,
3650,0.9293616414070129,,
3700,0.8819590210914612,,
3750,0.9127407670021057,,
3800,0.8782844543457031,,
3850,1.0779459476470947,,
3900,0.9569768309593201,,
3950,0.8396170139312744,,
4000,0.8789970278739929,0.29735831935086604,0.46702970297029706
4050,0.8816811442375183,,
4100,0.8866426348686218,,
4150,0.8129850029945374,,
4200,0.9163570404052734,,
4250,0.8776326775550842,,
4300,0.7712807655334473,,
4350,0.8804319500923157,,
4400,0.7932640314102173,,
4450,0.7870900630950928,,
4500,0.9954908490180969,0.29735831935086604,0.46702970297029706
4550,0.9421093463897705,,
4600,0.800192654132843,,
4650,0.8829136490821838,,
4700,0.9244821667671204,,
4750,0.9750213623046875,,
4800,0.745069682598114,,
4850,0.8794758319854736,,
4900,0.8794454336166382,,
4950,0.8784670829772949,,
5000,0.9173023104667664,0.29884368505625425,0.46841584158415844
5050,0.9284449815750122,,
5100,1.123889446258545,,
5150,0.8384029269218445,,
5200,0.7739421129226685,,
5250,0.853505551815033,,
5300,1.0191360712051392,,
5350,0.9509111046791077,,
5400,0.9511479735374451,,
5450,0.85117506980896,,
5500,0.917965829372406,0.29884368505625425,0.46841584158415844
5550,0.7916641235351562,,
5600,0.8850599527359009,,
5650,0.8832026124000549,,
5700,0.8146899938583374,,
5750,0.8455278873443604,,
5800,0.8806871175765991,,
5850,0.9971179366111755,,
5900,0.9216546416282654,,
5950,0.9222488403320312,,
6000,0.8790805339813232,0.29735831935086604,0.46702970297029706
6050,0.8346099853515625,,
6100,0.9181157946586609,,
6150,0.9606248736381531,,
6200,0.9210807085037231,,
6250,0.874911367893219,,
6300,0.798430323600769,,
6350,0.8812114000320435,,
6400,0.9195870161056519,,
6450,1.0035687685012817,,
6500,0.9226197600364685,0.29735831935086604,0.46702970297029706
6550,0.9912865161895752,,
6600,0.9854472875595093,,
6650,0.8464837670326233,,
6700,0.8865361213684082,,
6750,1.0187804698944092,,
6800,0.9166900515556335,,
6850,0.9484912157058716,,
6900,0.9182196855545044,,
6950,0.9769484996795654,,
7000,0.8339407444000244,0.29884368505625425,0.46841584158415844
7050,0.8631480932235718,,
7100,0.8904146552085876,,
7150,0.8593254089355469,,
7200,0.9493466019630432,,
7250,0.8540273308753967,,
7300,0.8835435509681702,,
7350,0.9847275614738464,,
7400,1.0642890930175781,,
7450,0.8078556656837463,,
7500,0.9899927377700806,0.29735831935086604,0.46702970297029706
7550,0.8794530630111694,,
7600,1.0246320962905884,,
7650,0.8416944146156311,,
7700,0.8796188235282898,,
7750,0.8121413588523865,,
7800,0.9419291019439697,,
7850,0.885368287563324,,
7900,0.9140623211860657,,
7950,0.9239583015441895,,
8000,0.9585584998130798,0.29735831935086604,0.46702970297029706
8050,0.9253141283988953,,
8100,0.7737536430358887,,
8150,1.0302246809005737,,
8200,0.9190346598625183,,
8250,0.8441243767738342,,
8300,0.8402146697044373,,
8350,0.8078373670578003,,
8400,0.8011250495910645,,
8450,0.9203913807868958,,
8500,0.9229680895805359,0.29735831935086604,0.46702970297029706
8550,0.8718138933181763,,
8600,0.9677996635437012,,
8650,0.8811318278312683,,
8700,0.9968550801277161,,
8750,0.9643639326095581,,
8800,0.8415933847427368,,
8850,0.9173452854156494,,
8900,0.9536052942276001,,
8950,0.8437068462371826,,
9000,0.9163175225257874,0.29884368505625425,0.46841584158415844
9050,0.9864329695701599,,
9100,0.8126893043518066,,
9150,0.9829503893852234,,
9200,0.8517019152641296,,
9250,0.9878082871437073,,
9300,0.9487887024879456,,
9350,0.9195433259010315,,
9400,0.8499925136566162,,
9450,0.8844980597496033,,
9500,0.9804784655570984,0.29884368505625425,0.46841584158415844
9550,0.889920175075531,,
9600,0.8228797316551208,,
9650,0.8832847476005554,,
9700,0.8080490231513977,,
9750,0.803798496723175,,
9800,0.9544036984443665,,
9850,0.916165292263031,,
9900,0.9187727570533752,,
9950,0.9653563499450684,,
10000,0.8362955451011658,0.29884368505625425,0.46841584158415844
10050,0.9191376566886902,,
10100,1.0082814693450928,,
10150,0.8358817100524902,,
10200,0.8372416496276855,,
10250,0.9554094076156616,,
10300,0.7939218878746033,,
10350,0.8828114867210388,,
10400,0.8369736671447754,,
10450,0.8111705780029297,,
10500,1.0085490942001343,0.29884368505625425,0.46841584158415844
10550,0.9312465190887451,,
10600,0.9177557229995728,,
10650,0.8835198879241943,,
10700,0.8387946486473083,,
10750,0.8786691427230835,,
10800,0.8789408206939697,,
10850,0.918774425983429,,
10900,0.8389448523521423,,
10950,0.8800021409988403,,
11000,0.8855316638946533,0.29735831935086604,0.46702970297029706
11050,0.957854151725769,,
11100,0.8440789580345154,,
11150,0.8042678833007812,,
11200,0.8420034646987915,,
11250,0.8766329884529114,,
11300,0.9196144938468933,,
11350,0.8422790765762329,,
11400,0.8367421627044678,,
11450,0.8783965110778809,,
11500,0.8782991170883179,0.29884368505625425,0.46841584158415844
11550,0.7933482527732849,,
11600,0.927711546421051,,
11650,0.9224458336830139,,
11700,1.0612376928329468,,
11750,0.8813058733940125,,
11800,0.7532904744148254,,
11850,0.879956841468811,,
11900,0.9996551275253296,,
11950,0.958955705165863,,
12000,0.8790292143821716,0.29884368505625425,0.46841584158415844
12050,0.9532568454742432,,
12100,0.8804418444633484,,
12150,0.8107904195785522,,
12200,0.9176755547523499,,
12250,0.947018027305603,,
12300,0.915476381778717,,
12350,0.8434036374092102,,
12400,0.880862295627594,,
12450,0.9903886318206787,,
12500,0.9879084229469299,0.29884368505625425,0.46841584158415844
12550,0.9401202201843262,,
12600,0.8480551242828369,,
12650,0.8346563577651978,,
12700,0.814902663230896,,
12750,0.8739443421363831,,
12800,0.8905864953994751,,
12850,0.7747410535812378,,
12900,0.8884241580963135,,
12950,0.9307278990745544,,
13000,1.0081226825714111,0.29884368505625425,0.46841584158415844
13050,0.9989133477210999,,
13100,0.9622138142585754,,
13150,0.9502304196357727,,
13200,0.9054614305496216,,
13250,0.8471775054931641,,
13300,0.9158023595809937,,
13350,0.8558796644210815,,
13400,1.0456318855285645,,
13450,0.8820342421531677,,
13500,0.9187188744544983,0.29884368505625425,0.46841584158415844
13550,0.9491603374481201,,
13600,0.8904473185539246,,
13650,0.8523357510566711,,
13700,1.0133601427078247,,
13750,0.9169619083404541,,
13800,0.9179977178573608,,
13850,0.8873967528343201,,
13900,0.886821448802948,,
13950,0.8548949360847473,,
14000,0.817920446395874,0.29735831935086604,0.46702970297029706
14050,0.881804883480072,,
14100,0.9176428318023682,,
14150,0.843656599521637,,
14200,0.7667458057403564,,
14250,0.8792111873626709,,
14300,0.8361793756484985,,
14350,0.8354257345199585,,
14400,0.7903375029563904,,
14450,0.7836930751800537,,
14500,0.8842704892158508,0.29735831935086604,0.46702970297029706
14550,1.0566394329071045,,
14600,0.8355138301849365,,
14650,1.1056337356567383,,
14700,0.9341539144515991,,
14750,0.931671142578125,,
14800,0.8354374170303345,,
14850,0.879569411277771,,
14900,0.8417978882789612,,
14950,0.8455010056495667,,
15000,0.9902670383453369,0.29884368505625425,0.46841584158415844
15050,0.8488462567329407,,
15100,0.881216824054718,,
15150,0.950744092464447,,
15200,0.8817970156669617,,
15250,0.8820923566818237,,
15300,0.8513917326927185,,
15350,0.949221134185791,,
15400,0.8843618631362915,,
15450,0.8170521259307861,,
15500,0.8478990793228149,0.29735831935086604,0.46702970297029706
15550,0.8843539357185364,,
15600,0.8432376980781555,,
15650,0.8483198285102844,,
15700,0.8394879102706909,,
15750,0.8758018016815186,,
15800,0.8810405731201172,,
15850,0.8385877013206482,,
15900,0.9265183210372925,,
15950,0.9707414507865906,,
16000,1.0626134872436523,0.29884368505625425,0.46841584158415844
16050,0.835502028465271,,
16100,0.8790655732154846,,
16150,0.9601709842681885,,
16200,1.0391035079956055,,
16250,0.9930616617202759,,
16300,0.9173352122306824,,
16350,0.8806197643280029,,
16400,0.9241965413093567,,
16450,0.8599833846092224,,
16500,0.7942516803741455,0.29884368505625425,0.46841584158415844
16550,0.9559345245361328,,
16600,0.9616355299949646,,
16650,0.8895318508148193,,
16700,0.8550998568534851,,
16750,0.8915140628814697,,
16800,0.9145256876945496,,
16850,0.9494386911392212,,
16900,0.9476931691169739,,
16950,0.9503434896469116,,
17000,0.8495857119560242,0.29735831935086604,0.46702970297029706
17050,0.8472530841827393,,
17100,0.9523986577987671,,
17150,0.8012862205505371,,
17200,0.798240065574646,,
17250,0.8716850876808167,,
17300,0.839619517326355,,
17350,0.9948725700378418,,
17400,0.8137239813804626,,
17450,1.1050217151641846,,
17500,0.99322909116745,0.29735831935086604,0.46702970297029706
17550,0.8313829302787781,,
17600,0.8721486926078796,,
17650,0.8349947929382324,,
17700,0.8001540899276733,,
17750,0.7838870882987976,,
17800,0.8759844303131104,,
17850,1.0372934341430664,,
17900,0.8886004686355591,,
17950,0.8885490298271179,,
18000,0.8872144818305969,0.29735831935086604,0.46702970297029706
18050,0.8783512711524963,,
18100,0.8409180641174316,,
18150,0.9160170555114746,,
18200,0.8815933465957642,,
18250,0.8020284175872803,,
18300,0.8790117502212524,,
18350,0.9177727699279785,,
18400,0.9137410521507263,,
18450,0.9502313137054443,,
18500,0.8824078440666199,0.29884368505625425,0.46841584158415844
18550,0.9149126410484314,,
18600,0.8332693576812744,,
18650,0.8068856000900269,,
18700,0.8486733436584473,,
18750,0.9237368702888489,,
18800,0.8401615619659424,,
18850,0.8229352831840515,,
18900,0.9316366314888,,
18950,0.8457424640655518,,
19000,0.9244134426116943,0.29884368505625425,0.46841584158415844
19050,1.0609664916992188,,
19100,0.8890471458435059,,
19150,0.7996730804443359,,
19200,0.7932847738265991,,
19250,0.794354259967804,,
19300,0.7496627569198608,,
19350,0.9664669036865234,,
19400,0.835533082485199,,
19450,0.9743717312812805,,
19500,0.8775631189346313,0.29735831935086604,0.46702970297029706
19550,0.8367356061935425,,
19600,0.8804787993431091,,
19650,0.7441129088401794,,
19700,0.930650532245636,,
19750,0.9393064975738525,,
19800,0.9251315593719482,,
19850,0.9195379018783569,,
19900,0.8357616662979126,,
19950,1.0859662294387817,,
20000,0.9594764113426208,0.29884368505625425,0.46841584158415844
20050,0.9175093173980713,,
20100,0.8831721544265747,,
20150,0.8106613755226135,,
20200,0.9488795399665833,,
20250,0.9478907585144043,,
20300,0.9819201827049255,,
20350,0.9180164337158203,,
20400,0.8550693392753601,,
20450,1.0126469135284424,,
20500,0.8234245181083679,0.29884368505625425,0.46841584158415844
20550,0.9462078809738159,,
20600,0.8267371654510498,,
20650,0.8895344734191895,,
20700,0.9174597263336182,,
20750,0.9175423383712769,,
20800,0.8810214400291443,,
20850,0.9822970032691956,,
20900,0.9826359748840332,,
20950,0.8462173938751221,,
21000,0.814139723777771,0.29884368505625425,0.46841584158415844
21050,0.8801525235176086,,
21100,0.9553263783454895,,
21150,0.8489234447479248,,
21200,0.8398535847663879,,
21250,0.9967249035835266,,
21300,0.7656266689300537,,
21350,0.7964596748352051,,
21400,0.9618467092514038,,
21450,0.8354126811027527,,
21500,0.8341047763824463,0.32765957435381393,0.47767326732673265
21550,0.9244210124015808,,
21600,0.8782104253768921,,
21650,0.8808966875076294,,
21700,0.8345510363578796,,
21750,0.7871177792549133,,
21800,0.8815467357635498,,
21850,0.9264325499534607,,
21900,0.8819831609725952,,
21950,0.7861791849136353,,
22000,0.9283297657966614,0.29735831935086604,0.46702970297029706
22050,0.8356491327285767,,
22100,0.8810310959815979,,
22150,0.8343651294708252,,
22200,0.8341493010520935,,
22250,0.9667513370513916,,
22300,0.8360196948051453,,
22350,0.9243232011795044,,
22400,0.835213303565979,,
22450,0.9203959703445435,,
22500,0.836226224899292,0.29735831935086604,0.46702970297029706
22550,0.9201303720474243,,
22600,0.8780681490898132,,
22650,0.9977439045906067,,
22700,0.8787460327148438,,
22750,0.8429589867591858,,
22800,0.9537560939788818,,
22850,0.8785922527313232,,
22900,0.9175564050674438,,
22950,0.8811271786689758,,
23000,0.8804907202720642,0.29884368505625425,0.46841584158415844
23050,0.8451845049858093,,
23100,0.8813927173614502,,
23150,0.9546064138412476,,
23200,0.8796922564506531,,
23250,0.8787106275558472,,
23300,0.7724502086639404,,
23350,0.8040544986724854,,
23400,0.8027567267417908,,
23450,0.8773041367530823,,
23500,0.9591111540794373,0.29884368505625425,0.46841584158415844
23550,0.7506533265113831,,
23600,0.877062201499939,,
23650,0.784099817276001,,
23700,0.8243761658668518,,
23750,0.8348039984703064,,
23800,0.9432427287101746,,
23850,0.7834500670433044,,
23900,0.8424062132835388,,
23950,0.7730347514152527,,
24000,0.9918965697288513,0.29884368505625425,0.46841584158415844
24050,0.8954086303710938,,
24100,0.8957607746124268,,
24150,0.7448649406433105,,
24200,1.042069673538208,,
24250,0.9834025502204895,,
24300,0.8343020677566528,,
24350,0.9262012243270874,,
24400,0.834542453289032,,
24450,0.8771520256996155,,
24500,0.8406992554664612,0.29735831935086604,0.46702970297029706
24550,0.8801364898681641,,
24600,0.8044362664222717,,
24650,0.8049204349517822,,
24700,0.8438352346420288,,
24750,0.7632235884666443,,
24800,0.7985424995422363,,
24850,0.843742311000824,,
24900,0.9658744931221008,,
24950,0.916731059551239,,
25000,0.9261434078216553,0.29735831935086604,0.46702970297029706
25050,0.876575767993927,,
25100,0.8779982924461365,,
25150,0.8363391757011414,,
25200,0.8833078145980835,,
25250,0.8761510252952576,,
25300,0.8000922203063965,,
25350,0.7467661499977112,,
25400,0.9275826811790466,,
25450,0.8343015313148499,,
25500,0.8768883347511292,0.29735831935086604,0.46702970297029706
25550,0.7410880923271179,,
25600,0.9772366881370544,,
25650,0.8784059882164001,,
25700,0.8787157535552979,,
25750,0.8809974789619446,,
25800,1.062665343284607,,
25850,0.923210620880127,,
25900,0.8363213539123535,,
25950,0.7545803189277649,,
26000,0.8790724277496338,0.29884368505625425,0.46841584158415844
26050,0.9580737352371216,,
26100,0.9561541676521301,,
26150,0.8402612805366516,,
26200,0.8403900265693665,,
26250,0.8390325307846069,,
26300,0.8795084357261658,,
26350,0.8753149509429932,,
26400,0.9565617442131042,,
26450,0.9192178845405579,,
26500,0.8490068316459656,0.29884368505625425,0.46841584158415844
26550,0.8801688551902771,,
26600,0.9156867265701294,,
26650,0.9943133592605591,,
26700,0.7706558108329773,,
26750,0.9181305766105652,,
26800,0.9217182993888855,,
26850,0.9510092735290527,,
26900,0.9146183729171753,,
26950,0.9529516100883484,,
27000,0.8776893615722656,0.29884368505625425,0.46841584158415844
27050,0.8819790482521057,,
27100,1.0657113790512085,,
27150,0.8855917453765869,,
27200,0.8448094129562378,,
27250,0.9178751111030579,,
27300,0.8451840281486511,,
27350,0.9172741174697876,,
27400,0.8455842733383179,,
27450,0.7743119597434998,,
27500,0.8068069219589233,0.29735831935086604,0.46702970297029706
27550,0.9154170751571655,,
27600,0.8005418181419373,,
27650,0.8823694586753845,,
27700,0.8323524594306946,,
27750,0.8825038075447083,,
27800,0.8341663479804993,,
27850,0.8856631517410278,,
27900,0.8694753050804138,,
27950,1.0196404457092285,,
28000,0.8803078532218933,0.29735831935086604,0.46702970297029706
28050,0.8390366435050964,,
28100,0.8894394636154175,,
28150,0.8417420387268066,,
28200,0.883624255657196,,
28250,0.7945207357406616,,
28300,0.9675737619400024,,
28350,0.9678734540939331,,
28400,0.836484432220459,,
28450,0.8355680108070374,,
28500,0.8772271871566772,0.29884368505625425,0.46841584158415844
28550,0.9591469764709473,,
28600,0.8373810648918152,,
28650,0.9484144449234009,,
28700,0.9147513508796692,,
28750,0.8945721387863159,,
28800,0.833148717880249,,
28850,0.9156401753425598,,
28900,1.0381195545196533,,
28950,0.9470295906066895,,
29000,0.8966881036758423,0.29884368505625425,0.46841584158415844
29050,0.8577840924263,,
29100,0.8802332878112793,,
29150,0.8848203420639038,,
29200,0.8147822618484497,,
29250,0.912676990032196,,
29300,0.8708154559135437,,
29350,0.8517850637435913,,
29400,0.9877804517745972,,
29450,0.8480933904647827,,
29500,0.9179076552391052,0.29884368505625425,0.46841584158415844
29550,0.8045016527175903,,
29600,0.8004817962646484,,
29650,0.7583508491516113,,
29700,1.0072417259216309,,
29750,0.8359677791595459,,
29800,0.8361508250236511,,
29850,0.8344093561172485,,
29900,0.9261106252670288,,
29950,0.8301863074302673,,
30000,0.8369952440261841,0.29735831935086604,0.46702970297029706
30050,0.7248017191886902,,
30100,0.8734695315361023,,
30150,0.7798507809638977,,
30200,1.000985860824585,,
30250,0.8308544754981995,,
30300,1.060715675354004,,
30350,0.7943161725997925,,
30400,0.7405036687850952,,
30450,0.8738766312599182,,
30500,0.893202543258667,0.29735831935086604,0.46702970297029706
30550,0.8863192200660706,,
30600,0.8939590454101562,,
30650,0.8730356097221375,,
30700,0.8726027011871338,,
30750,0.879584550857544,,
30800,0.8372432589530945,,
30850,0.9544105529785156,,
30900,0.9561642408370972,,
30950,0.8418312668800354,,
31000,0.8044788837432861,0.29735831935086604,0.46702970297029706
31050,0.8791972994804382,,
31100,0.9171748161315918,,
31150,0.9164400696754456,,
31200,0.953641414642334,,
31250,0.9529585242271423,,
31300,0.7712351083755493,,
31350,0.953132688999176,,
31400,1.1361099481582642,,
31450,0.9159265756607056,,
31500,0.9176371693611145,0.29884368505625425,0.46841584158415844
31550,0.8491489887237549,,
31600,0.8153302073478699,,
31650,0.8484623432159424,,
31700,0.8501590490341187,,
31750,0.8126482367515564,,
31800,0.8456161022186279,,
31850,0.8796849846839905,,
31900,0.8805990815162659,,
31950,0.9563931822776794,,
32000,0.8429710268974304,0.29735831935086604,0.46702970297029706
32050,0.8414549231529236,,
32100,0.8383240699768066,,
32150,1.0047966241836548,,
32200,0.8367653489112854,,
32250,0.9228169918060303,,
32300,0.7935743927955627,,
32350,1.0122504234313965,,
32400,0.9222042560577393,,
32450,0.8785153031349182,,
32500,0.9631667137145996,0.29884368505625425,0.46841584158415844
32550,0.8405151963233948,,
32600,0.9580734968185425,,
32650,1.037147045135498,,
32700,0.8796794414520264,,
32750,0.9175127148628235,,
32800,0.9549997448921204,,
32850,0.8088977336883545,,
32900,0.8486586213111877,,
32950,0.9518325924873352,,
33000,1.0536489486694336,0.29982462710772423,0.46886138613861383
33050,0.9161152839660645,,
33100,0.8832629919052124,,
33150,0.8171217441558838,,
33200,0.8191695213317871,,
33250,0.951394259929657,,
33300,0.8461108207702637,,
33350,0.8769245147705078,,
33400,0.9466478824615479,,
33450,0.9489260911941528,,
33500,0.9531353116035461,0.29735831935086604,0.46702970297029706
33550,0.9291567802429199,,
33600,0.8806073069572449,,
33650,0.8477298617362976,,
33700,0.8523567318916321,,
33750,0.961423397064209,,
33800,0.8415003418922424,,
33850,0.9095417261123657,,
33900,0.8454442024230957,,
33950,0.8246763348579407,,
34000,0.9122565984725952,0.29735831935086604,0.46702970297029706
34050,0.7849206328392029,,
34100,0.848731517791748,,
34150,0.8201137781143188,,
34200,1.0651733875274658,,
34250,0.9022294878959656,,
34300,0.9788216948509216,,
34350,0.7895581126213074,,
34400,0.9757720828056335,,
34450,0.8314998149871826,,
34500,0.7984797954559326,0.29735831935086604,0.46702970297029706
34550,1.0003993511199951,,
34600,0.8784180283546448,,
34650,0.8334476947784424,,
34700,0.9146736860275269,,
34750,0.9557356834411621,,
34800,0.881744384765625,,
34850,0.842894971370697,,
34900,0.9200232625007629,,
34950,0.9170596599578857,,
35000,0.9532645344734192,0.29884368505625425,0.46841584158415844
35050,0.9160897135734558,,
35100,0.8780748844146729,,
35150,0.9218430519104004,,
35200,0.8083198070526123,,
35250,0.8140479326248169,,
35300,0.9495527744293213,,
35350,0.877240002155304,,
35400,0.8810626268386841,,
35450,0.8772585391998291,,
35500,0.9528220891952515,0.29884368505625425,0.46841584158415844
35550,0.8451492786407471,,
35600,0.8002366423606873,,
35650,0.8414800763130188,,
35700,0.9680274724960327,,
35750,0.8759819865226746,,
35800,0.8798478841781616,,
35850,0.9213405847549438,,
35900,0.8744033575057983,,
35950,0.9986000657081604,,
36000,0.7510574460029602,0.29884368505625425,0.46841584158415844
36050,0.8024494051933289,,
36100,0.9655600786209106,,
36150,0.9170055389404297,,
36200,0.792319118976593,,
36250,0.837052583694458,,
36300,0.8763329982757568,,
36350,0.8809754252433777,,
36400,0.7922987937927246,,
36450,0.8768983483314514,,
36500,0.8772146701812744,0.29884368505625425,0.46841584158415844
36550,0.9248011708259583,,
36600,0.8324094414710999,,
36650,0.8339288234710693,,
36700,0.9231640696525574,,
36750,0.7887237071990967,,
36800,0.9227285981178284,,
36850,0.8838473558425903,,
36900,0.87659752368927,,
36950,0.9703240394592285,,
37000,0.7894657850265503,0.29884368505625425,0.46841584158415844
37050,0.7945781946182251,,
37100,0.789959192276001,,
37150,0.967080295085907,,
37200,0.8767398595809937,,
37250,0.883741021156311,,
37300,0.8395982384681702,,
37350,0.8321707248687744,,
37400,0.8775270581245422,,
37450,0.9240384101867676,,
37500,0.9201878309249878,0.29884368505625425,0.46841584158415844
37550,0.9615883827209473,,
37600,0.8785430192947388,,
37650,0.8383402824401855,,
37700,0.9999293684959412,,
37750,0.9174708724021912,,
37800,0.7638434767723083,,
37850,0.841255247592926,,
37900,0.882017970085144,,
37950,0.8824520111083984,,
38000,0.8412393927574158,0.29735831935086604,0.46702970297029706
38050,0.9979943037033081,,
38100,0.9189510345458984,,
38150,0.7993597984313965,,
38200,0.9198029041290283,,
38250,0.9198744893074036,,
38300,0.8395941257476807,,
38350,0.8435963988304138,,
38400,0.9165682792663574,,
38450,0.9545522928237915,,
38500,0.9171661138534546,0.29735831935086604,0.46702970297029706
38550,0.9200008511543274,,
38600,0.8007926344871521,,
38650,0.8798759579658508,,
38700,0.879707396030426,,
38750,0.9161536693572998,,
38800,0.8784171938896179,,
38850,0.9938881397247314,,
38900,0.957703173160553,,
38950,0.7657930254936218,,
39000,0.9548029899597168,0.29884368505625425,0.46841584158415844
39050,0.8402312397956848,,
39100,0.9108210802078247,,
39150,0.8431862592697144,,
39200,0.9115068316459656,,
39250,0.8434247374534607,,
39300,0.9856981039047241,,
39350,0.8631543517112732,,
39400,0.8680614233016968,,
39450,0.8846566081047058,,
39500,0.8185513019561768,0.29884368505625425,0.46841584158415844
39550,0.7778141498565674,,
39600,0.904965877532959,,
39650,1.0223639011383057,,
39700,0.8791057467460632,,
39750,0.9504339694976807,,
39800,0.8765358924865723,,
39850,0.891548752784729,,
39900,0.8631311655044556,,
39950,0.835580050945282,,
40000,0.9181512594223022,0.29884368505625425,0.46841584158415844
40050,0.7999606132507324,,
40100,0.835196316242218,,
40150,0.9095056653022766,,
40200,0.8394421935081482,,
40250,0.8908310532569885,,
40300,0.9174583554267883,,
40350,0.9329360723495483,,
40400,0.8334197402000427,,
40450,1.0910441875457764,,
40500,0.8410056829452515,0.29884368505625425,0.46841584158415844
40550,0.9138085842132568,,
40600,0.8004987835884094,,
40650,0.927955687046051,,
40700,0.8791247606277466,,
40750,0.839053213596344,,
40800,1.0392109155654907,,
40850,0.8408593535423279,,
40900,0.8424922227859497,,
40950,0.8414962887763977,,
41000,1.0298964977264404,0.4998971483507386,0.5460891089108911
41050,0.9162550568580627,,
41100,0.8799049258232117,,
41150,0.8051981329917908,,
41200,0.9930253624916077,,
41250,0.8055651783943176,,
41300,0.9146047234535217,,
41350,0.9516786336898804,,
41400,0.84345543384552,,
41450,0.9169813394546509,,
41500,0.8805305361747742,0.29735831935086604,0.46702970297029706
41550,0.8435359001159668,,
41600,0.8801277279853821,,
41650,0.8450368642807007,,
41700,1.0299586057662964,,
41750,1.0321274995803833,,
41800,0.8408336043357849,,
41850,0.9188295602798462,,
41900,0.8774480223655701,,
41950,0.9159457683563232,,
42000,0.9159148931503296,0.29735831935086604,0.46702970297029706
42050,0.842624306678772,,
42100,1.0244510173797607,,
42150,1.0228509902954102,,
42200,0.8107215762138367,,
42250,0.9530919790267944,,
42300,0.8469741940498352,,
42350,0.8122847080230713,,
42400,0.9167637825012207,,
42450,0.9153445959091187,,
42500,0.8490012288093567,0.29735831935086604,0.46702970297029706
42550,0.9198700189590454,,
42600,0.8764886260032654,,
42650,0.8074706196784973,,
42700,0.8772090077400208,,
42750,0.9138692617416382,,
42800,0.9167613387107849,,
42850,0.8370649218559265,,
42900,0.9542109966278076,,
42950,0.7997596859931946,,
43000,0.9263874292373657,0.29735831935086604,0.46702970297029706
43050,0.9162510633468628,,
43100,0.957969605922699,,
43150,1.0444798469543457,,
43200,0.8392248749732971,,
43250,0.8784012794494629,,
43300,0.7979264855384827,,
43350,0.8342298865318298,,
43400,0.9167965054512024,,
43450,0.9131348133087158,,
43500,0.9932570457458496,0.29735831935086604,0.46702970297029706
43550,0.9263848662376404,,
43600,1.0049269199371338,,
43650,0.9195337891578674,,
43700,1.0995957851409912,,
43750,0.8117017149925232,,
43800,0.8801692128181458,,
43850,0.9189679622650146,,
43900,0.9828360676765442,,
43950,0.8853728771209717,,
44000,0.8210887312889099,0.29884368505625425,0.46841584158415844
44050,0.9171545505523682,,
44100,0.9473614692687988,,
44150,0.8919384479522705,,
44200,0.8821196556091309,,
44250,0.8577095866203308,,
44300,0.8230105042457581,,
44350,0.9455730319023132,,
44400,0.8839415907859802,,
44450,0.9443458318710327,,
44500,0.8489180207252502,0.29884368505625425,0.46841584158415844
44550,0.9130076766014099,,
44600,0.9180967807769775,,
44650,0.9109759330749512,,
44700,0.8419595956802368,,
44750,0.8357911705970764,,
44800,0.8807795643806458,,
44850,0.9682728052139282,,
44900,0.949428379535675,,
44950,0.9637464880943298,,
45000,0.9043546915054321,0.29884368505625425,0.46841584158415844
45050,0.8727097511291504,,
45100,0.7998695373535156,,
45150,0.9652645587921143,,
45200,0.7940280437469482,,
45250,1.005825161933899,,
45300,0.9241976141929626,,
45350,0.8765386939048767,,
45400,0.9766831398010254,,
45450,0.8457072973251343,,
45500,0.83575040102005,0.29884368505625425,0.46841584158415844
45550,0.9286347031593323,,
45600,0.7974161505699158,,
45650,0.8070637583732605,,
45700,0.8396454453468323,,
45750,0.9959274530410767,,
45800,0.8779537081718445,,
45850,0.9996085166931152,,
45900,0.8782176375389099,,
45950,0.9583514332771301,,
46000,0.7994959950447083,0.29735831935086604,0.46702970297029706
46050,0.8459517955780029,,
46100,0.8057247400283813,,
46150,0.9993315935134888,,
46200,0.9568345546722412,,
46250,0.8423671722412109,,
46300,0.9457899332046509,,
46350,0.8814311027526855,,
46400,0.8033564686775208,,
46450,0.9243075847625732,,
46500,0.9584648013114929,0.29735831935086604,0.46702970297029706
46550,0.8480682969093323,,
46600,0.9154231548309326,,
46650,0.9501789808273315,,
46700,0.9563186168670654,,
46750,0.8033838868141174,,
46800,0.8432919979095459,,
46850,0.9528032541275024,,
46900,0.9159641861915588,,
46950,0.7677004337310791,,
47000,0.805959165096283,0.29735831935086604,0.46702970297029706
47050,0.8399906158447266,,
47100,0.9921828508377075,,
47150,0.9579326510429382,,
47200,0.9106618762016296,,
47250,0.9216967821121216,,
47300,0.9117472767829895,,
47350,0.8780130743980408,,
47400,1.0024374723434448,,
47450,0.8809792399406433,,
47500,0.8788430094718933,0.29735831935086604,0.46702970297029706
47550,0.876300036907196,,
47600,0.8433358073234558,,
47650,0.9544132351875305,,
47700,0.9908136129379272,,
47750,0.8359595537185669,,
47800,0.8741204142570496,,
47850,0.9509764909744263,,
47900,0.9155554175376892,,
47950,0.9151126146316528,,
48000,0.8741408586502075,0.29735831935086604,0.46702970297029706
48050,0.8040471076965332,,
48100,0.9286395311355591,,
48150,0.8810432553291321,,
48200,0.8427164554595947,,
48250,0.8724133372306824,,
48300,0.8799502849578857,,
48350,0.8426342606544495,,
48400,0.7876798510551453,,
48450,0.8419012427330017,,
48500,0.921498715877533,0.29735831935086604,0.46702970297029706
48550,0.8718553185462952,,
48600,1.144951581954956,,
48650,0.8385704159736633,,
48700,0.9736696481704712,,
48750,0.912916898727417,,
48800,0.911647617816925,,
48850,0.7699360847473145,,
48900,0.8441030979156494,,
48950,0.8386647701263428,,
49000,0.8409217000007629,0.29735831935086604,0.46702970297029706
49050,0.8009063005447388,,
49100,0.8035777807235718,,
49150,0.834684431552887,,
49200,0.9152332544326782,,
49250,0.8786221146583557,,
49300,0.7904467582702637,,
49350,1.1014840602874756,,
49400,0.8338103294372559,,
49450,0.8767127990722656,,
49500,0.8343098163604736,0.29884368505625425,0.46841584158415844
49550,0.8366041779518127,,
49600,0.8338955640792847,,
49650,0.9733865261077881,,
49700,0.8306922316551208,,
49750,0.7903493642807007,,
49800,0.7958305478096008,,
49850,0.7860332727432251,,
49900,0.8297451138496399,,
49950,0.8318015336990356,,
50000,0.9862856864929199,0.5986592120639086,0.6364356435643564
50050,0.883500874042511,,
50100,0.7786796689033508,,
50150,0.8292425274848938,,
50200,0.8326187133789062,,
50250,0.724229633808136,,
50300,1.0987029075622559,,
50350,0.9350956082344055,,
50400,0.7428948879241943,,
50450,0.8759520649909973,,
50500,0.8381059169769287,0.4766645057251636,0.5604950495049505
50550,0.7909979224205017,,
50600,1.0455617904663086,,
50650,0.8348373174667358,,
50700,0.8769621849060059,,
50750,0.7962692379951477,,
50800,0.912370502948761,,
50850,0.9508257508277893,,
50900,0.8024128079414368,,
50950,0.7596843242645264,,
51000,0.9115318059921265,0.43322806861781493,0.5370792079207921
51050,0.8769612908363342,,
51100,0.7952654361724854,,
51150,0.9964811205863953,,
51200,0.9156907796859741,,
51250,0.912278950214386,,
51300,0.8706330060958862,,
51350,0.7511352300643921,,
51400,0.8742474317550659,,
51450,0.9122203588485718,,
51500,0.9960367679595947,0.4478940646092674,0.543960396039604
51550,0.8634564280509949,,
51600,0.8303359746932983,,
51650,0.9984468221664429,,
51700,0.9053151607513428,,
51750,0.9197798371315002,,
51800,0.7418414354324341,,
51850,0.9847444891929626,,
51900,0.8523937463760376,,
51950,0.8188201785087585,,
52000,0.8249571323394775,0.29735831935086604,0.46702970297029706
52050,0.9080784320831299,,
52100,0.9506468176841736,,
52150,0.9468234777450562,,
52200,0.7855247259140015,,
52250,0.7935831546783447,,
52300,0.8604915142059326,,
52350,0.8644932508468628,,
52400,0.8037235140800476,,
52450,0.9194994568824768,,
52500,0.9039149284362793,0.3725437983003281,0.5034653465346535
52550,0.8710171580314636,,
52600,0.8567079305648804,,
52650,0.8959813117980957,,
52700,0.7929890155792236,,
52750,0.9312724471092224,,
52800,0.9317263960838318,,
52850,0.7560489773750305,,
52900,0.7948915362358093,,
52950,0.8715697526931763,,
53000,0.8656420111656189,0.6621798801008274,0.6927722772277227
53050,0.6659026145935059,,
53100,0.7441208362579346,,
53150,0.7358606457710266,,
53200,0.9540824890136719,,
53250,0.7091377973556519,,
53300,0.8404924869537354,,
53350,0.6610738635063171,,
53400,0.6863935589790344,,
53450,0.7301586866378784,,
53500,0.7255328893661499,0.6991669807905931,0.7233663366336633
53550,0.7015588879585266,,
53600,0.7723047137260437,,
53650,0.6832160949707031,,
53700,0.6649166345596313,,
53750,0.683176577091217,,
53800,0.7311357259750366,,
53850,0.7393711805343628,,
53900,0.6536660194396973,,
53950,0.5246037840843201,,
54000,0.5813148617744446,0.7306794123273914,0.7561881188118812
54050,0.7288835048675537,,
54100,0.6072546243667603,,
54150,0.532386064529419,,
54200,0.606219470500946,,
54250,0.6945324540138245,,
54300,0.498658686876297,,
54350,0.4514586329460144,,
54400,0.49066150188446045,,
54450,0.7094487547874451,,
54500,0.5300211906433105,0.734679055307333,0.7610891089108911
54550,0.5655746459960938,,
54600,0.7408148050308228,,
54650,0.7879377603530884,,
54700,0.40519794821739197,,
54750,0.460116982460022,,
54800,0.5968379974365234,,
54850,0.6718418002128601,,
54900,0.7377385497093201,,
54950,0.4676631987094879,,
55000,0.6606046557426453,0.7590632963504251,0.7853960396039604
55050,0.4743771255016327,,
55100,0.5016464591026306,,
55150,0.6375299692153931,,
55200,0.5787696838378906,,
55250,0.4498286843299866,,
55300,0.5468775033950806,,
55350,0.5391232967376709,,
55400,0.5832309722900391,,
55450,0.6930569410324097,,
55500,0.4704686999320984,0.7897038744300132,0.8169801980198019
55550,0.5204009413719177,,
55600,0.46082252264022827,,
55650,0.5019630193710327,,
55700,0.2217310667037964,,
55750,0.6290087103843689,,
55800,0.3353981077671051,,
55850,0.7278934717178345,,
55900,0.43874046206474304,,
55950,0.40477439761161804,,
56000,0.35502851009368896,0.7852333079357163,0.8123762376237624
56050,0.5682447552680969,,
56100,0.3906674087047577,,
56150,0.4474763870239258,,
56200,0.4055745005607605,,
56250,0.5092732906341553,,
56300,0.41469278931617737,,
56350,0.46699509024620056,,
56400,0.6379717588424683,,
56450,0.397062212228775,,
56500,0.2773975133895874,0.8320796362903776,0.8607425742574257
56550,0.36161282658576965,,
56600,0.3856314420700073,,
56650,0.3029019236564636,,
56700,0.2694568932056427,,
56750,0.37901854515075684,,
56800,0.38976630568504333,,
56850,0.5467775464057922,,
56900,0.331360787153244,,
56950,0.4365359842777252,,
57000,0.41503897309303284,0.8485908840467364,0.8778217821782178
57050,0.3719790577888489,,
57100,0.21368810534477234,,
57150,0.32597315311431885,,
57200,0.19120991230010986,,
57250,0.33414486050605774,,
57300,0.3973029851913452,,
57350,0.3445315957069397,,
57400,0.2682589292526245,,
57450,0.22780995070934296,,
57500,0.4442318379878998,0.8201982586271892,0.8477227722772277
57550,0.7186216711997986,,
57600,0.2614803910255432,,
57650,0.4372032880783081,,
57700,0.21616731584072113,,
57750,0.3086490333080292,,
57800,0.30593207478523254,,
57850,0.35545244812965393,,
57900,0.18876700103282928,,
57950,0.30995169281959534,,
58000,0.1947304606437683,0.8604515510428589,0.8901485148514852
58050,0.3377932608127594,,
58100,0.385763943195343,,
58150,0.33725211024284363,,
58200,0.24732130765914917,,
58250,0.21624061465263367,,
58300,0.14490298926830292,,
58350,0.2596781849861145,,
58400,0.21623273193836212,,
58450,0.20722194015979767,,
58500,0.13548330962657928,0.8620890545317335,0.8918316831683168
58550,0.457731693983078,,
58600,0.342041015625,,
58650,0.1928054392337799,,
58700,0.30086803436279297,,
58750,0.34243613481521606,,
58800,0.3873736262321472,,
58850,0.43882930278778076,,
58900,0.19089919328689575,,
58950,0.20941057801246643,,
59000,0.44209712743759155,0.8679731035067444,0.8979207920792079
59050,0.4217538833618164,,
59100,0.21369320154190063,,
59150,0.5055227875709534,,
59200,0.3991224765777588,,
59250,0.24151729047298431,,
59300,0.472005695104599,,
59350,0.29547643661499023,,
59400,0.3339634835720062,,
59450,0.37746065855026245,,
59500,0.4403887093067169,0.8520288122857467,0.8811386138613861
59550,0.19699689745903015,,
59600,0.3031512200832367,,
59650,0.2524467408657074,,
59700,0.32718634605407715,,
59750,0.2498263716697693,,
59800,0.20932669937610626,,
59850,0.22910147905349731,,
59900,0.24432986974716187,,
59950,0.37502509355545044,,
60000,0.3249751031398773,0.8629082173075335,0.8926732673267327
60050,0.3207686245441437,,
60100,0.21640342473983765,,
60150,0.35007813572883606,,
60200,0.21391691267490387,,
60250,0.37155410647392273,,
60300,0.47185856103897095,,
60350,0.23311097919940948,,
60400,0.3411885201931,,
60450,0.39397120475769043,,
60500,0.34221741557121277,0.8528092221017398,0.8816336633663366
60550,0.3229946792125702,,
60600,0.1517050713300705,,
60650,0.38675186038017273,,
60700,0.24867990612983704,,
60750,0.17184659838676453,,
60800,0.13878735899925232,,
60850,0.25597235560417175,,
60900,0.2536328434944153,,
60950,0.171366885304451,,
61000,0.21083496510982513,0.8779537344378239,0.9082178217821782
61050,0.1893737018108368,,
61100,0.3832595944404602,,
61150,0.3131536543369293,,
61200,0.23157855868339539,,
61250,0.37528231739997864,,
61300,0.3215755522251129,,
61350,0.2536811828613281,,
61400,0.27046138048171997,,
61450,0.20352832973003387,,
61500,0.1672660857439041,0.8826794676478895,0.9131188118811882
61550,0.3214852213859558,,
61600,0.09846572577953339,,
61650,0.21701528131961823,,
61700,0.12733285129070282,,
61750,0.24265679717063904,,
61800,0.18761686980724335,,
61850,0.32806023955345154,,
61900,0.3403578996658325,,
61950,0.15279890596866608,,
62000,0.3267796039581299,0.8818541622634004,0.9122772277227723
62050,0.2525068521499634,,
62100,0.10997995734214783,,
62150,0.22135569155216217,,
62200,0.5840994715690613,,
62250,0.1524301916360855,,
62300,0.20123571157455444,,
62350,0.21003006398677826,,
62400,0.204757422208786,,
62450,0.28703516721725464,,
62500,0.27543964982032776,0.8826235268639571,0.9130693069306931
62550,0.15808382630348206,,
62600,0.28681832551956177,,
62650,0.5620680451393127,,
62700,0.2471899837255478,,
62750,0.0924462303519249,,
62800,0.1853974461555481,,
62850,0.35099440813064575,,
62900,0.26187074184417725,,
62950,0.1791621744632721,,
63000,0.25014007091522217,0.8846730040093973,0.9151485148514852
63050,0.31874603033065796,,
63100,0.12919248640537262,,
63150,0.20464268326759338,,
63200,0.27811071276664734,,
63250,0.19640310108661652,,
63300,0.1458274871110916,,
63350,0.2123997062444687,,
63400,0.33339816331863403,,
63450,0.250736802816391,,
63500,0.28031864762306213,0.8807725178164835,0.9111386138613862
63550,0.16732341051101685,,
63600,0.2405918538570404,,
63650,0.2836011052131653,,
63700,0.20685195922851562,,
63750,0.3058463931083679,,
63800,0.1506265103816986,,
63850,0.30766117572784424,,
63900,0.3716205954551697,,
63950,0.19729496538639069,,
64000,0.1632286012172699,0.884627997713116,0.9151485148514852
64050,0.2380790263414383,,
64100,0.1604274958372116,,
64150,0.163502037525177,,
64200,0.15103092789649963,,
64250,0.13436707854270935,,
64300,0.19087684154510498,,
64350,0.19853250682353973,,
64400,0.145279660820961,,
64450,0.407980740070343,,
64500,0.2650351822376251,0.889965653806601,0.9204950495049505
64550,0.16843003034591675,,
64600,0.2759465277194977,,
64650,0.15913349390029907,,
64700,0.23096711933612823,,
64750,0.2086908370256424,,
64800,0.16114090383052826,,
64850,0.4130909740924835,,
64900,0.27712056040763855,,
64950,0.2367914617061615,,
65000,0.11206357926130295,0.8908951203561419,0.9121287128712872
65050,0.24097025394439697,,
65100,0.2002309411764145,,
65150,0.1869388073682785,,
65200,0.31553664803504944,,
65250,0.2171991467475891,,
65300,0.2982218861579895,,
65350,0.24452249705791473,,
65400,0.2979070544242859,,
65450,0.09520844370126724,,
65500,0.23847068846225739,0.8947980223469505,0.911930693069307
65550,0.17605003714561462,,
65600,0.283604234457016,,
65650,0.23209524154663086,,
65700,0.30233097076416016,,
65750,0.12539038062095642,,
65800,0.17874519526958466,,
65850,0.21256154775619507,,
65900,0.2000247985124588,,
65950,0.34346312284469604,,
66000,0.3237933814525604,0.8899024534729376,0.9148019801980198
66050,0.11479401588439941,,
66100,0.30396050214767456,,
66150,0.26269206404685974,,
66200,0.2609466016292572,,
66250,0.15387634932994843,,
66300,0.3030321002006531,,
66350,0.15967343747615814,,
66400,0.4105159044265747,,
66450,0.10535192489624023,,
66500,0.17169658839702606,0.8925566460047197,0.9052970297029703
66550,0.1786009967327118,,
66600,0.18495100736618042,,
66650,0.2365538477897644,,
66700,0.15097397565841675,,
66750,0.1870814859867096,,
66800,0.17240436375141144,,
66850,0.18032538890838623,,
66900,0.24140244722366333,,
66950,0.29062527418136597,,
67000,0.17572884261608124,0.8923294532897499,0.915
67050,0.27331551909446716,,
67100,0.17994028329849243,,
67150,0.2145169973373413,,
67200,0.301270455121994,,
67250,0.35301274061203003,,
67300,0.16560615599155426,,
67350,0.30570685863494873,,
67400,0.17380531132221222,,
67450,0.3922877609729767,,
67500,0.18397462368011475,0.8947831955931225,0.9186138613861387
67550,0.20751699805259705,,
67600,0.13546018302440643,,
67650,0.18177781999111176,,
67700,0.21432261168956757,,
67750,0.18212740123271942,,
67800,0.24760206043720245,,
67850,0.251726359128952,,
67900,0.2021833211183548,,
67950,0.18663524091243744,,
68000,0.03962494432926178,0.888080509439847,0.9163366336633664
68050,0.19651556015014648,,
68100,0.22779510915279388,,
68150,0.1859803944826126,,
68200,0.208021342754364,,
68250,0.3485158681869507,,
68300,0.20508621633052826,,
68350,0.213204026222229,,
68400,0.2081449180841446,,
68450,0.18337829411029816,,
68500,0.4722989797592163,0.8892938139909945,0.9156930693069307
68550,0.3511444330215454,,
68600,0.3166230618953705,,
68650,0.32871243357658386,,
68700,0.3691662847995758,,
68750,0.20033708214759827,,
68800,0.22364073991775513,,
68850,0.2646210193634033,,
68900,0.14610351622104645,,
68950,0.10462035238742828,,
69000,0.24330471456050873,0.8924547909613835,0.9145544554455446
69050,0.1569189429283142,,
69100,0.1913982629776001,,
69150,0.2503577768802643,,
69200,0.19029775261878967,,
69250,0.26343995332717896,,
69300,0.17103509604930878,,
69350,0.21388046443462372,,
69400,0.2519608438014984,,
69450,0.21171869337558746,,
69500,0.10283245146274567,0.9015760884138218,0.9262871287128713
69550,0.190964475274086,,
69600,0.20592719316482544,,
69650,0.30621978640556335,,
69700,0.19880525767803192,,
69750,0.20876184105873108,,
69800,0.1658393293619156,,
69850,0.21770168840885162,,
69900,0.15484930574893951,,
69950,0.21249832212924957,,
70000,0.14394761621952057,0.8975417150386344,0.918910891089109
70050,0.1766684353351593,,
70100,0.13171757757663727,,
70150,0.2355840802192688,,
70200,0.25146761536598206,,
70250,0.17572414875030518,,
70300,0.14263057708740234,,
70350,0.210403174161911,,
70400,0.15528206527233124,,
70450,0.23594002425670624,,
70500,0.17829303443431854,0.8969424957772731,0.9258910891089109
70550,0.14869575202465057,,
70600,0.10181999951601028,,
70650,0.21310432255268097,,
70700,0.17172446846961975,,
70750,0.11513552814722061,,
70800,0.25563275814056396,,
70850,0.2491813451051712,,
70900,0.2946416139602661,,
70950,0.214055135846138,,
71000,0.11923877894878387,0.8961370465303284,0.9176237623762377
71050,0.10299865901470184,,
71100,0.2803419828414917,,
71150,0.18782976269721985,,
71200,0.19384658336639404,,
71250,0.18925750255584717,,
71300,0.3099939823150635,,
71350,0.08977408707141876,,
71400,0.295348197221756,,
71450,0.11256293207406998,,
71500,0.08567289263010025,0.900230819209053,0.9178712871287129
71550,0.17843933403491974,,
71600,0.11928407847881317,,
71650,0.21837671101093292,,
71700,0.43034785985946655,,
71750,0.12877485156059265,,
71800,0.2843528985977173,,
71850,0.20197275280952454,,
71900,0.28652793169021606,,
71950,0.25146788358688354,,
72000,0.1469651162624359,0.9036661497074401,0.9236633663366337
72050,0.1576816588640213,,
72100,0.20852749049663544,,
72150,0.23730094730854034,,
72200,0.19514459371566772,,
72250,0.1752977818250656,,
72300,0.21663786470890045,,
72350,0.32001277804374695,,
72400,0.20962117612361908,,
72450,0.0989849790930748,,
72500,0.20635665953159332,0.9031468598400958,0.9314356435643565
72550,0.13354358077049255,,
72600,0.23169249296188354,,
72650,0.17970158159732819,,
72700,0.1751728057861328,,
72750,0.10501397401094437,,
72800,0.1549864113330841,,
72850,0.1292828619480133,,
72900,0.1688934713602066,,
72950,0.2532307505607605,,
73000,0.19558829069137573,0.9034909394492094,0.9295049504950496
73050,0.25706470012664795,,
73100,0.0991702526807785,,
73150,0.39855095744132996,,
73200,0.11427454650402069,,
73250,0.23889867961406708,,
73300,0.1259044110774994,,
73350,0.28752434253692627,,
73400,0.14079952239990234,,
73450,0.06892946362495422,,
73500,0.1442158818244934,0.8956019024229327,0.9072277227722773
73550,0.2146843522787094,,
73600,0.3212202787399292,,
73650,0.18260803818702698,,
73700,0.1627926379442215,,
73750,0.12904919683933258,,
73800,0.2589937150478363,,
73850,0.22657665610313416,,
73900,0.21693624556064606,,
73950,0.33442115783691406,,
74000,0.30424192547798157,0.894842669191096,0.9156435643564357
74050,0.18453891575336456,,
74100,0.24104100465774536,,
74150,0.19370509684085846,,
74200,0.27471181750297546,,
74250,0.26149821281433105,,
74300,0.19810964167118073,,
74350,0.45365527272224426,,
74400,0.12246985733509064,,
74450,0.3165042996406555,,
74500,0.3301803171634674,0.9029929980602553,0.9274257425742575
74550,0.1190003901720047,,
74600,0.1398659646511078,,
74650,0.3050352931022644,,
74700,0.18668365478515625,,
74750,0.2014777809381485,,
74800,0.198054239153862,,
74850,0.053684450685977936,,
74900,0.2007933408021927,,
74950,0.1795365959405899,,
75000,0.20713286101818085,0.9037948006714223,0.9307920792079208
75050,0.13200388848781586,,
75100,0.1696637123823166,,
75150,0.20441566407680511,,
75200,0.07143799960613251,,
75250,0.13412144780158997,,
75300,0.17720690369606018,,
75350,0.23243004083633423,,
75400,0.20182302594184875,,
75450,0.20676659047603607,,
75500,0.18326812982559204,0.901992946146831,0.9326732673267327
75550,0.1312711536884308,,
75600,0.19885273277759552,,
75650,0.2992631196975708,,
75700,0.20808595418930054,,
75750,0.19086399674415588,,
75800,0.12758028507232666,,
75850,0.24114704132080078,,
75900,0.15626086294651031,,
75950,0.12573502957820892,,
76000,0.2053142488002777,0.9013597975985583,0.9318811881188119
76050,0.13993197679519653,,
76100,0.1986902803182602,,
76150,0.0825781375169754,,
76200,0.10458870977163315,,
76250,0.1458337903022766,,
76300,0.23575012385845184,,
76350,0.08991027623414993,,
76400,0.12606337666511536,,
76450,0.16012431681156158,,
76500,0.10752300918102264,0.9024088155139602,0.9292079207920793
76550,0.20362406969070435,,
76600,0.14014337956905365,,
76650,0.11030681431293488,,
76700,0.05464216321706772,,
76750,0.1710241138935089,,
76800,0.5029370784759521,,
76850,0.16720524430274963,,
76900,0.26574087142944336,,
76950,0.2298460155725479,,
77000,0.07312949001789093,0.9023089247217446,0.9312871287128713
77050,0.3222024440765381,,
77100,0.19142326712608337,,
77150,0.1385076940059662,,
77200,0.16921928524971008,,
77250,0.1438319981098175,,
77300,0.20119768381118774,,
77350,0.16644807159900665,,
77400,0.08106115460395813,,
77450,0.3493784964084625,,
77500,0.16476944088935852,0.9062083228770647,0.9241584158415842
77550,0.09026550501585007,,
77600,0.20476305484771729,,
77650,0.08088672906160355,,
77700,0.24257296323776245,,
77750,0.17246600985527039,,
77800,0.12031412124633789,,
77850,0.16319435834884644,,
77900,0.2136930227279663,,
77950,0.280777245759964,,
78000,0.11922871321439743,0.903585220653197,0.9268811881188119
78050,0.2562605142593384,,
78100,0.07654064893722534,,
78150,0.14998890459537506,,
78200,0.17331309616565704,,
78250,0.24259811639785767,,
78300,0.29518499970436096,,
78350,0.1086951419711113,,
78400,0.16466236114501953,,
78450,0.11927610635757446,,
78500,0.21545098721981049,0.9067924825199722,0.9250990099009901
78550,0.22568775713443756,,
78600,0.1288345456123352,,
78650,0.28507187962532043,,
78700,0.08120492100715637,,
78750,0.17743320763111115,,
78800,0.2470293641090393,,
78850,0.19333478808403015,,
78900,0.22329829633235931,,
78950,0.23221874237060547,,
79000,0.12264203280210495,0.9017687396198004,0.9296534653465347
79050,0.13350607454776764,,
79100,0.10333207249641418,,
79150,0.14948372542858124,,
79200,0.2444581389427185,,
79250,0.3231126666069031,,
79300,0.14640232920646667,,
79350,0.24739396572113037,,
79400,0.22561731934547424,,
79450,0.20947498083114624,,
79500,0.25747326016426086,0.9046232117369697,0.9301485148514852
79550,0.2481929212808609,,
79600,0.13247050344944,,
79650,0.10210371017456055,,
79700,0.12992100417613983,,
79750,0.2007707804441452,,
79800,0.24322426319122314,,
79850,0.16003082692623138,,
79900,0.13179627060890198,,
79950,0.16244171559810638,,
80000,0.09768703579902649,0.9057695641325639,0.9244059405940594
80050,0.09816977381706238,,
80100,0.17604275047779083,,
80150,0.16317817568778992,,
80200,0.2059665322303772,,
80250,0.27002447843551636,,
80300,0.2603457272052765,,
80350,0.15355943143367767,,
80400,0.30138760805130005,,
80450,0.2154276818037033,,
80500,0.15865612030029297,0.9057929962450051,0.9255445544554456
80550,0.22813904285430908,,
80600,0.23911052942276,,
80650,0.2025502622127533,,
80700,0.15165944397449493,,
80750,0.1774076521396637,,